,lorem,ipsum,dolor,sit,amet,consectetur,adipiscing,elit,phasellus,nec,leo,interdum,ex,placerat,convallis,etiam,vestibulum,justo,in,finibus,nibh,ultrices,non,vitae,erat,tincidunt,purus,quis,tempor,proin,efficitur,ante,eget,turpis,varius,elementum,fusce,id,eros,nulla,mollis,mi,et,consequat,mauris,nunc,metus,lacus,facilisis,a,scelerisque,nisl,faucibus,tristique,pulvinar,enim,auctor,magna,tempus,risus,mattis,eleifend,at,suspendisse,congue,porttitor,donec,luctus,urna,aliquet,dignissim,quam,maecenas,libero,aliquam,lacinia,ultricies,iaculis,pellentesque,tortor,vivamus,ac,augue,sed,egestas,eu,ut,nam,ligula,tellus,arcu,sagittis,odio,euismod,orci,vel,dictum,feugiat,vehicula,hac,habitasse,platea,dictumst,duis,porta,sodales,praesent,posuere,ullamcorper,accumsan,dui,commodo,imperdiet,hendrerit,lectus,est,diam,vulputate,suscipit,laoreet,sem,rhoncus,lobortis,bibendum,maximus,massa,condimentum,fringilla,sollicitudin,cursus,dapibus,sapien,nullam,integer,semper,fermentum,blandit,venenatis,cras,nisi,felis,ornare,viverra,neque,aenean,gravida,velit,pharetra,malesuada,pretium,rutrum,morbi,volutpat,quisque,molestie,natoque,penatibus,magnis,dis,parturient,montes,nascetur,ridiculus,mus,class,aptent,taciti,sociosqu,ad,litora,torquent,per,conubia,nostra,inceptos,himenaeos,primis,cubilia,curae,potenti,curabitur,facilisi,fames,habitant,senectus,netus
lorem,0,19,0,6,0,1,0,0,0,3,0,0,0,0,1,1,0,0,8,0,0,3,3,3,0,3,0,2,1,1,2,0,6,0,2,1,1,2,0,4,0,1,4,3,4,1,0,1,0,1,0,0,0,2,0,0,1,0,1,2,1,1,6,3,0,1,1,1,0,1,0,0,0,0,1,1,0,0,0,0,0,3,0,9,2,2,3,2,1,1,2,0,2,0,1,3,0,0,1,0,0,0,0,0,2,0,2,0,1,1,1,0,1,0,0,1,1,0,1,2,0,0,0,0,2,1,0,0,0,1,0,1,0,3,0,0,1,0,2,0,3,0,1,0,1,0,0,0,2,2,2,2,0,0,1,0,0,0,0,0,0,0,0,0,0,0,0,0,0,0,0,0,0,0,0,0,0,0,0,0,0,0,0,0,0,0
ipsum,0,0,19,6,0,0,0,0,3,6,0,1,2,0,0,2,3,0,5,1,0,2,5,3,1,0,0,1,0,0,0,0,3,1,1,0,1,3,1,2,1,1,2,2,1,2,1,0,1,3,2,0,0,0,1,1,1,2,1,0,0,1,6,1,1,0,3,0,0,0,3,0,1,1,1,1,0,0,3,0,1,5,1,5,0,3,11,0,0,3,0,2,0,0,0,3,0,0,1,0,0,0,0,2,0,2,0,2,0,1,0,1,0,0,0,0,0,1,1,0,2,1,1,0,0,0,2,2,1,0,0,0,3,0,0,0,0,0,1,0,0,0,3,1,0,0,0,2,0,0,0,1,2,1,0,0,0,0,0,0,0,0,0,0,0,0,0,0,0,0,0,0,0,0,0,0,42,0,0,0,1,0,0,0,0,0
dolor,2,0,1,22,0,2,0,0,1,6,0,0,0,0,0,4,5,0,4,0,0,0,3,3,2,0,0,4,1,1,0,0,3,1,1,0,0,4,0,2,0,0,4,0,4,3,0,0,0,2,0,2,0,2,0,1,0,0,1,1,0,0,4,1,0,1,2,0,0,1,1,1,2,0,4,0,0,1,1,2,0,6,2,8,0,1,2,1,0,1,0,0,1,0,0,3,0,1,1,0,0,0,0,0,1,0,0,0,1,1,1,2,0,0,0,0,0,0,0,3,1,0,0,1,0,1,0,1,1,0,2,0,2,3,0,2,1,1,1,1,0,1,0,1,1,2,2,0,0,0,0,4,1,0,0,0,0,0,0,0,0,0,0,0,0,0,0,0,0,0,0,0,0,0,0,0,0,0,0,0,1,0,0,0,0,0
sit,0,0,0,0,364,0,0,0,0,0,0,0,0,0,0,0,0,0,0,0,0,0,0,0,0,0,0,0,0,0,0,0,0,0,0,0,0,0,0,0,0,0,0,0,0,0,0,0,0,0,0,0,0,0,0,0,0,0,0,0,0,0,0,0,0,0,0,0,0,0,0,0,0,0,0,0,0,0,0,0,0,0,0,0,0,0,0,0,0,0,0,0,0,0,0,0,0,0,0,0,0,0,0,0,0,0,0,0,0,0,0,0,0,0,0,0,0,0,0,0,0,0,0,0,0,0,0,0,0,0,0,0,0,0,0,0,0,0,0,0,0,0,0,0,0,0,0,0,0,0,0,0,0,0,0,0,0,0,0,0,0,0,0,0,0,0,0,0,0,0,0,0,0,0,0,0,0,0,0,0,0,0,0,0,0,0
amet,3,5,2,1,0,22,0,3,0,1,4,2,2,4,1,2,5,4,4,2,2,1,0,0,4,1,3,1,4,1,5,3,0,1,5,3,2,2,3,3,4,3,0,3,7,4,2,2,2,0,5,4,1,2,3,1,1,6,5,3,2,2,0,0,2,2,1,3,2,2,2,2,1,2,1,3,9,1,4,4,0,0,3,0,1,0,1,1,4,1,4,6,1,1,2,0,3,2,2,0,0,0,0,0,1,4,1,3,1,1,2,4,1,4,4,1,4,1,3,3,2,6,4,0,3,3,1,2,3,2,3,1,0,0,3,1,2,5,2,3,6,0,2,4,1,2,2,2,5,2,4,2,1,0,1,0,0,0,0,0,0,0,0,0,0,0,0,0,0,0,0,0,0,0,0,0,0,0,0,0,0,0,0,0,0,0
consectetur,2,1,1,1,0,1,19,1,0,0,1,0,2,0,1,0,0,2,1,1,2,1,4,1,0,0,1,1,0,0,4,1,0,2,0,0,0,3,2,2,1,1,3,1,1,1,0,0,1,1,0,1,0,1,1,3,0,2,0,2,0,0,2,0,0,2,1,0,0,2,0,1,0,1,1,0,0,0,0,1,2,0,2,4,1,3,0,0,1,0,2,0,0,0,2,1,0,0,0,0,0,0,0,0,0,1,1,0,0,2,1,0,1,1,3,0,2,0,0,1,2,0,0,0,0,1,0,2,0,1,1,2,0,2,1,1,1,1,2,2,1,0,0,0,0,0,4,0,1,1,1,0,0,0,0,0,0,0,0,0,0,0,0,0,0,0,0,0,0,0,0,0,0,0,0,0,0,0,0,0,2,0,0,0,0,0
adipiscing,0,0,0,0,0,0,0,19,0,0,0,0,0,0,0,0,0,0,0,0,0,0,0,0,0,0,0,0,0,0,0,0,0,0,0,0,0,0,0,0,0,0,0,0,0,0,0,0,0,0,0,0,0,0,0,0,0,0,0,0,0,0,0,0,0,0,0,0,0,0,0,0,0,0,0,0,0,0,0,0,0,0,0,0,0,0,0,0,0,0,0,0,0,0,0,0,0,0,0,0,0,0,0,0,0,0,0,0,0,0,0,0,0,0,0,0,0,0,0,0,0,0,0,0,0,0,0,0,0,0,0,0,0,0,0,0,0,0,0,0,0,0,0,0,0,0,0,0,0,0,0,0,0,0,0,0,0,0,0,0,0,0,0,0,0,0,0,0,0,0,0,0,0,0,0,0,0,0,0,0,0,0,0,0,0,0
elit,2,0,1,1,0,2,0,0,1,0,0,1,0,0,1,1,4,1,6,0,0,1,3,1,0,1,1,2,3,1,1,0,2,0,1,0,1,3,1,4,0,0,4,0,2,2,0,1,2,2,0,0,1,1,1,0,1,0,2,0,2,1,1,0,1,0,5,2,0,1,1,0,2,0,2,0,0,0,2,0,2,4,2,9,1,6,4,0,0,2,1,0,1,3,2,2,2,1,1,0,0,0,0,2,1,1,3,1,1,2,0,0,2,1,0,0,0,1,1,0,1,0,0,0,0,0,0,2,1,1,1,1,1,4,1,1,0,0,2,0,0,0,0,1,2,0,0,0,1,0,2,0,1,3,1,0,0,0,0,0,0,0,0,0,2,0,0,0,0,0,0,0,0,0,0,0,0,0,0,0,2,0,0,0,0,0
phasellus,0,0,0,2,0,2,0,1,0,1,0,1,0,1,1,0,1,0,1,0,0,0,0,2,0,2,0,1,1,0,0,1,1,0,3,1,0,2,0,0,0,0,4,0,0,0,0,0,1,5,2,0,1,0,0,0,0,0,0,1,0,0,1,0,0,1,0,2,0,0,0,0,0,0,1,1,2,2,0,0,0,2,1,1,1,2,2,0,0,0,0,1,0,0,0,1,1,0,3,0,0,0,0,0,2,1,0,1,2,0,1,1,2,2,0,0,0,0,0,1,0,2,0,3,0,0,0,1,1,1,3,0,0,0,0,0,1,0,0,1,0,2,0,0,0,0,0,0,0,0,1,0,0,0,0,0,0,0,0,0,0,0,0,0,0,0,0,0,0,0,0,0,0,0,0,0,0,0,0,0,0,0,0,0,0,0
nec,3,4,3,1,0,4,0,1,0,0,2,1,3,2,3,1,2,6,2,0,1,2,1,0,4,4,1,0,0,0,2,1,2,4,4,5,2,0,6,9,2,1,2,5,6,3,3,0,1,3,3,1,4,1,1,1,4,3,2,2,2,3,0,0,4,3,1,2,0,3,4,3,2,3,4,3,3,3,3,3,1,0,1,1,1,0,0,0,3,4,4,5,3,6,3,1,2,2,1,0,0,0,0,0,2,0,1,1,5,2,0,0,4,3,3,5,4,4,2,3,3,2,3,3,5,1,4,2,2,3,5,2,0,0,2,1,3,3,2,0,2,1,0,2,1,1,6,4,4,2,3,2,1,1,1,0,0,0,0,0,0,0,0,0,0,0,0,0,0,0,0,0,0,0,0,0,0,0,0,0,0,0,0,0,0,0
leo,1,1,0,3,0,0,0,0,0,8,1,1,0,0,1,1,6,0,4,0,2,1,4,2,1,0,0,1,0,2,1,0,3,1,1,1,3,1,0,2,0,0,2,1,1,1,1,0,0,4,0,0,0,1,0,2,1,0,0,0,0,1,5,2,0,0,0,2,1,0,1,0,1,2,1,1,0,0,5,0,0,2,0,9,0,1,5,1,2,0,1,0,0,0,1,0,0,2,2,0,0,0,0,1,2,1,0,1,2,0,0,0,0,0,1,0,0,2,1,0,3,2,0,0,1,0,1,0,0,1,0,0,1,2,0,1,1,0,2,0,0,1,0,0,0,0,0,0,0,0,2,0,1,0,0,0,0,0,0,0,0,0,0,0,1,0,0,0,0,0,0,0,0,0,0,0,0,0,0,0,0,0,0,0,0,0
interdum,1,1,4,0,0,1,0,4,2,1,1,3,1,0,2,2,1,3,1,0,1,0,2,1,0,2,1,0,1,3,2,1,1,1,1,0,1,2,2,1,0,1,23,0,0,1,0,2,0,1,1,0,0,0,2,1,1,2,0,1,1,0,0,1,0,0,1,0,1,0,1,3,2,4,0,0,2,0,2,1,0,0,4,1,3,3,2,0,1,0,1,0,5,0,1,2,3,1,0,0,0,0,0,0,0,1,1,0,1,2,0,0,0,1,0,1,1,2,0,1,1,0,0,2,0,2,0,1,1,0,0,2,1,0,0,0,1,1,1,1,1,3,0,0,0,0,2,1,0,1,0,1,0,1,1,0,0,0,0,0,0,0,0,0,0,0,0,0,0,0,0,0,0,0,0,0,0,0,0,0,0,0,0,0,0,0
ex,0,0,1,4,0,0,0,1,2,1,0,1,1,1,0,0,3,0,5,0,0,0,4,4,0,0,1,2,0,3,0,1,3,0,1,0,0,2,0,0,1,1,6,0,1,1,1,2,1,2,2,1,1,1,0,0,0,1,2,0,1,1,1,1,0,1,2,0,0,0,1,0,1,1,2,0,1,0,4,0,2,7,0,3,0,7,5,1,2,0,0,2,0,0,0,1,2,0,0,0,0,0,0,1,1,1,1,2,1,1,2,0,0,0,1,0,1,2,0,0,1,1,2,0,3,0,0,1,0,0,1,1,2,0,0,0,0,0,1,0,1,1,0,1,2,2,0,1,2,3,0,2,0,1,0,0,0,0,0,0,0,0,0,0,0,0,0,0,0,0,0,0,0,0,0,0,0,0,0,0,0,0,0,0,0,0
placerat,0,1,2,3,0,1,0,3,0,1,1,0,2,1,2,0,6,2,2,0,2,0,1,0,0,1,2,1,0,1,0,0,1,0,1,0,0,1,0,2,1,0,4,0,2,1,1,5,1,1,0,2,0,0,1,0,0,1,0,2,0,0,0,1,0,0,3,0,0,0,1,1,0,1,2,0,0,1,0,1,1,1,0,3,1,0,1,0,0,0,3,0,1,0,0,1,0,1,1,0,0,0,0,0,1,1,0,0,0,0,0,0,0,0,0,1,4,2,1,1,1,0,0,2,0,0,2,1,0,2,0,0,1,1,0,0,0,2,0,3,0,0,2,2,0,2,2,1,0,0,0,0,0,1,0,0,0,0,0,0,0,0,0,0,0,0,0,0,0,0,0,0,0,0,0,0,0,0,0,0,0,0,0,0,0,0
convallis,0,0,1,1,0,0,0,1,1,1,3,0,1,0,1,2,0,2,0,1,2,0,2,0,0,1,1,0,0,0,0,1,2,0,1,0,0,0,1,3,1,0,4,1,2,3,2,2,0,0,0,1,1,0,1,1,0,3,0,1,2,0,1,1,0,4,0,1,0,1,0,2,1,1,0,0,0,1,0,1,1,2,3,2,0,2,0,1,3,0,0,0,0,0,4,1,0,0,0,0,0,0,0,0,0,0,1,0,0,0,0,2,1,1,2,1,1,0,0,0,2,2,2,0,0,0,0,0,1,1,0,0,1,0,1,1,0,0,3,1,2,1,0,2,0,0,0,1,1,0,0,3,1,0,0,0,0,0,0,0,0,0,0,0,0,0,0,0,0,0,0,0,0,0,0,0,0,0,0,0,2,0,0,0,0,0
etiam,2,0,0,3,0,2,0,0,0,3,1,2,0,0,0,0,2,0,5,0,1,1,3,5,0,2,0,8,1,0,4,1,4,0,2,1,0,2,0,2,0,0,3,0,0,0,1,1,0,1,3,0,0,0,3,0,0,1,1,1,3,3,3,0,0,0,0,0,0,2,1,1,0,0,0,0,2,1,2,0,0,1,1,1,1,5,6,0,0,0,0,0,0,0,0,5,2,0,0,0,0,0,0,0,1,1,0,0,0,1,0,2,1,0,0,0,0,0,1,0,1,1,2,1,1,0,0,0,1,1,2,1,0,0,0,3,1,3,0,0,1,1,0,0,0,0,0,2,0,1,1,0,0,0,0,0,0,0,0,0,0,0,0,0,0,0,0,0,0,0,0,0,0,0,0,0,0,0,0,0,0,0,0,0,0,0
vestibulum,3,3,2,3,0,0,0,1,1,5,1,0,3,3,3,1,4,1,4,2,1,2,4,3,0,1,0,4,0,1,3,20,3,0,0,1,0,2,3,0,0,3,10,0,0,5,0,4,2,4,0,1,1,3,1,4,1,0,1,3,3,3,5,0,1,0,1,1,0,1,2,6,0,3,5,1,1,1,3,0,0,7,1,1,3,2,3,0,3,2,0,2,2,0,1,2,1,1,0,0,0,0,0,0,2,1,0,1,1,2,1,0,1,2,1,2,1,3,2,1,2,0,0,2,2,0,2,3,5,2,1,0,0,4,3,1,2,0,0,1,0,1,2,1,0,2,2,2,1,0,1,1,2,0,0,0,0,0,0,0,0,0,0,0,0,0,0,0,0,0,0,0,0,0,0,0,0,0,0,0,1,0,0,0,0,0
justo,3,1,0,2,0,0,0,0,1,5,0,1,1,0,2,2,3,1,4,1,1,1,2,7,0,2,0,4,3,2,3,1,2,0,1,0,3,6,0,2,0,0,5,0,3,3,0,1,1,4,0,0,0,0,1,1,0,0,0,2,0,0,3,0,1,0,1,0,0,1,0,0,1,1,1,1,1,1,1,0,2,0,1,8,1,3,4,1,0,1,1,0,2,0,1,5,1,0,1,0,0,0,0,1,0,0,1,1,0,0,0,1,2,0,1,0,0,1,1,0,1,0,1,0,0,2,2,1,2,0,1,1,3,3,0,0,2,1,3,1,1,2,1,2,0,0,0,0,0,1,0,1,0,0,0,0,0,0,0,0,0,0,0,0,1,0,0,0,0,0,0,0,0,0,0,0,0,0,0,0,1,0,0,0,0,0
in,4,2,1,4,0,4,0,3,0,2,2,7,1,1,3,3,3,2,2,3,3,2,7,5,1,6,2,3,3,1,3,4,5,3,2,4,0,3,2,1,2,3,3,6,1,1,3,3,4,2,2,3,46,4,2,3,2,4,1,3,1,1,4,0,2,6,0,2,7,0,3,2,1,1,7,1,1,3,5,5,1,5,3,6,2,5,2,0,6,6,6,2,2,1,4,3,2,0,4,16,0,0,0,0,2,2,0,3,3,4,0,4,3,4,3,3,4,4,2,2,3,2,1,4,6,0,3,4,2,3,1,2,0,1,2,3,3,2,0,1,0,3,1,6,0,3,4,4,1,3,3,1,5,1,5,0,0,0,0,0,0,0,0,0,0,0,0,0,0,0,0,0,0,0,0,0,0,0,0,0,1,0,0,0,0,0
finibus,2,0,1,1,0,1,0,3,0,1,0,1,0,3,1,2,0,1,5,0,3,4,1,3,1,1,0,2,0,1,0,0,1,0,0,1,2,3,1,2,0,2,0,1,2,3,4,0,0,4,1,0,2,0,0,0,1,0,1,0,1,2,0,3,1,0,2,2,0,0,0,1,0,1,0,0,0,0,1,1,0,1,1,2,0,3,1,0,1,0,0,0,1,1,0,3,2,0,0,0,0,0,0,0,0,1,2,0,2,0,0,0,0,0,0,2,1,0,2,0,0,0,0,2,0,0,2,2,0,0,1,3,0,0,0,0,0,0,0,0,0,0,0,0,0,0,1,0,1,0,0,1,0,1,2,0,0,0,0,0,0,0,0,0,0,0,0,0,0,0,0,0,0,0,0,0,0,0,0,0,0,0,0,0,0,0
nibh,1,2,1,5,0,0,0,0,0,4,0,1,0,1,1,0,1,1,3,0,1,2,1,2,0,3,1,2,1,1,2,0,2,1,1,0,2,8,0,1,1,0,5,0,1,2,2,1,2,3,0,0,1,2,1,0,3,0,1,1,0,0,2,2,0,2,2,1,0,0,1,2,0,0,2,1,0,1,2,0,1,7,0,4,1,3,4,0,1,0,1,1,0,2,0,5,0,0,2,0,0,0,0,1,1,1,2,0,1,1,1,1,0,0,1,0,0,0,0,0,0,0,0,0,1,0,3,2,2,2,0,2,1,0,0,0,1,0,0,0,0,2,1,0,1,1,0,1,0,0,0,1,2,0,0,0,0,0,0,0,0,0,0,0,0,0,0,0,0,0,0,0,0,0,0,0,0,0,0,0,0,0,0,0,0,0
ultrices,0,0,1,1,0,0,0,0,0,0,1,2,0,0,0,0,0,1,1,1,2,1,2,2,1,0,0,1,0,0,0,1,0,2,1,0,1,2,2,1,0,1,7,1,0,0,2,2,0,2,0,1,0,0,0,4,1,2,0,3,1,1,0,1,0,2,4,1,4,0,0,2,1,3,1,0,0,1,0,1,2,1,1,1,0,2,2,1,1,0,0,1,1,1,3,0,1,1,1,0,0,0,0,1,0,0,1,20,0,1,2,0,1,2,2,1,0,0,1,2,4,0,0,0,0,0,1,1,1,1,1,2,0,3,1,0,0,0,0,2,1,1,1,2,1,0,2,0,0,1,1,0,0,0,0,0,0,0,0,0,0,0,0,0,0,0,0,0,0,0,0,0,0,0,0,0,0,0,0,0,0,0,0,0,0,0
non,5,2,2,2,0,3,0,1,0,0,7,3,4,2,2,2,3,2,3,2,0,3,0,1,5,4,7,2,0,2,1,3,0,5,1,0,0,0,1,5,3,1,0,5,0,3,3,3,2,1,2,3,0,4,3,3,2,4,3,3,2,2,2,0,3,2,1,1,5,1,0,7,0,2,3,3,1,1,3,4,2,0,3,2,4,0,0,1,0,2,3,3,2,3,3,0,0,0,4,0,0,0,0,0,5,3,1,2,6,3,4,0,3,3,3,3,2,3,2,0,2,4,2,1,1,5,3,3,1,2,2,2,0,1,3,2,1,2,1,2,5,7,2,6,1,5,1,1,0,1,1,1,0,2,0,0,0,0,0,0,0,0,0,0,0,0,0,0,0,0,0,0,0,0,0,0,0,0,0,0,1,0,0,0,0,0
vitae,1,1,1,2,0,2,0,3,0,0,2,7,4,2,4,1,1,3,1,4,5,3,0,0,4,4,1,0,2,0,3,2,0,2,3,2,0,1,3,2,2,2,1,3,1,2,3,3,1,2,3,1,1,4,3,2,2,3,4,4,2,5,1,0,5,1,0,1,3,1,3,1,2,6,2,1,3,5,1,3,0,0,2,1,0,2,3,0,5,4,2,4,6,2,2,1,2,3,3,0,0,0,0,0,2,2,0,0,1,4,2,3,5,2,3,3,4,1,2,0,3,2,0,1,4,3,0,2,2,2,5,5,1,1,1,1,3,1,2,5,4,2,4,4,0,1,6,2,3,4,2,2,5,0,2,0,0,0,0,0,0,0,0,0,0,0,0,0,0,0,0,0,0,0,0,0,0,0,0,0,3,0,0,0,0,0
erat,1,1,0,2,0,1,0,0,1,0,0,0,0,1,1,0,2,0,4,1,2,0,3,6,0,1,0,1,0,2,0,1,2,0,1,0,2,2,1,3,0,1,5,3,4,2,1,0,0,1,1,0,0,0,0,0,1,1,0,2,0,0,3,0,3,3,2,0,1,2,4,0,0,3,1,0,0,0,3,0,2,2,0,4,0,5,3,1,1,1,0,1,0,0,1,2,0,0,2,0,0,0,0,0,0,1,1,2,0,0,1,0,0,0,0,1,0,0,0,1,1,1,0,1,2,1,1,0,0,0,1,0,2,0,0,2,1,2,0,0,0,0,1,2,2,1,1,0,0,1,0,1,27,1,0,0,0,0,0,0,0,0,0,0,0,0,0,0,0,0,0,0,0,0,0,0,0,0,0,0,0,0,0,0,0,0
tincidunt,3,1,2,3,0,0,0,3,0,6,4,0,4,3,0,1,3,1,2,0,1,0,1,6,1,1,1,0,0,0,2,3,3,2,0,0,2,2,1,1,1,1,4,0,6,6,4,2,0,5,0,1,2,1,0,3,0,6,1,2,1,2,1,1,2,0,1,1,2,0,1,3,0,0,2,0,1,0,2,5,0,0,2,4,0,2,6,1,2,2,4,0,1,2,1,1,0,1,0,0,0,0,0,3,0,0,1,0,1,2,0,0,1,0,0,1,0,0,2,1,3,2,0,2,1,1,0,1,0,1,1,3,0,1,1,0,1,2,0,0,0,1,2,2,1,1,0,1,0,0,1,2,1,0,0,0,0,0,0,0,0,0,0,0,1,0,0,0,0,0,0,0,0,0,0,0,0,0,0,0,0,0,0,0,0,0
purus,0,0,0,3,0,1,0,0,3,1,1,1,0,1,1,0,2,0,1,0,1,0,1,2,0,1,1,6,0,1,1,1,4,1,0,1,2,7,0,1,1,0,4,0,2,0,2,0,0,2,1,0,0,0,0,0,1,2,1,0,0,1,3,1,0,0,2,2,0,0,1,3,2,1,0,0,0,0,2,0,0,4,0,1,0,2,8,1,1,0,1,0,2,0,0,4,0,0,1,0,0,0,0,0,0,2,2,1,0,0,0,2,3,0,0,0,1,0,0,0,2,0,2,0,1,1,1,0,1,0,0,0,1,0,1,0,0,1,1,0,0,0,1,2,1,0,0,1,1,3,2,0,0,0,0,0,0,0,0,0,0,0,0,0,0,0,0,0,0,0,0,0,0,0,0,0,0,0,0,0,0,0,0,0,0,0
quis,1,4,1,1,0,4,0,3,1,0,4,6,3,1,1,0,1,2,3,1,1,4,1,1,5,2,2,1,4,1,1,2,1,4,2,2,0,0,2,4,1,1,1,1,1,3,0,3,2,2,0,4,0,1,2,3,6,2,4,5,1,3,0,2,2,2,2,1,5,5,1,2,0,5,0,3,1,0,2,4,1,0,9,2,3,1,0,1,2,2,1,5,2,2,1,0,3,0,1,0,0,0,0,0,3,3,1,1,1,2,5,4,2,1,3,3,1,4,1,3,0,3,3,2,2,1,0,2,4,1,1,2,1,1,1,5,2,0,1,1,6,4,1,5,1,2,2,2,6,2,2,0,3,0,4,0,0,0,0,0,0,0,0,0,0,0,0,0,0,0,0,0,0,0,0,0,0,0,0,0,2,0,0,0,0,0
tempor,0,1,0,2,0,0,0,2,1,1,1,0,0,0,0,1,0,0,0,0,4,0,1,2,2,1,1,1,0,1,0,2,1,0,2,2,0,1,2,2,0,1,1,0,1,1,1,0,0,2,0,0,0,1,0,0,0,0,0,2,1,0,0,0,0,1,0,0,1,0,0,3,3,3,1,0,0,1,2,2,1,0,0,2,0,0,2,0,1,1,0,0,1,2,1,1,0,0,1,0,0,0,0,0,0,0,0,0,1,1,2,0,0,0,1,1,2,0,0,1,1,1,0,0,1,0,0,0,1,0,1,1,0,0,2,1,0,0,0,2,0,0,0,1,0,1,0,1,0,0,1,0,0,1,0,0,0,0,0,0,0,0,0,0,0,0,0,0,0,0,0,0,0,0,0,0,0,0,0,0,0,0,0,0,0,0
proin,0,0,1,2,0,1,0,0,0,4,0,1,0,0,0,0,1,0,4,2,0,0,2,0,0,0,0,2,2,0,1,0,1,0,3,1,0,2,0,1,0,0,2,0,0,0,0,1,2,3,0,0,0,0,0,0,1,0,1,0,2,2,7,0,2,1,0,2,1,1,0,0,0,0,0,0,2,0,0,0,0,4,0,1,0,4,1,0,0,0,0,1,0,0,0,3,1,0,1,0,0,0,0,0,1,2,0,1,1,0,0,1,1,0,2,1,0,2,0,0,0,0,2,0,1,1,1,0,1,1,0,0,0,0,1,1,0,1,0,0,0,3,0,0,0,0,1,2,1,0,0,0,1,0,2,0,0,0,0,0,0,0,0,0,0,0,0,0,0,0,0,0,0,0,0,0,0,0,0,0,0,0,0,0,0,0
efficitur,1,4,2,2,0,0,0,0,2,2,1,0,3,1,0,2,1,4,1,0,0,2,1,4,0,2,2,2,0,1,0,3,3,0,0,0,1,0,0,2,0,0,3,0,0,2,0,0,1,1,0,1,0,0,0,3,0,1,0,0,1,1,2,0,1,0,0,2,1,1,0,0,0,2,0,2,1,1,2,1,1,0,2,6,0,0,0,1,2,1,1,0,1,0,2,1,1,1,1,0,0,0,0,4,1,0,1,1,2,0,2,2,2,1,0,0,4,0,0,1,1,0,0,2,1,1,1,1,0,0,0,1,0,1,0,0,1,0,0,0,1,0,0,0,2,0,1,0,2,0,0,2,2,2,0,0,0,0,0,0,0,0,0,0,0,0,0,0,0,0,0,0,0,0,0,0,0,0,0,0,0,0,0,0,0,0
ante,2,42,0,7,0,0,0,0,1,5,1,0,1,0,1,2,0,0,3,3,0,1,5,3,0,1,0,7,2,1,2,2,2,1,0,1,0,4,0,1,0,2,7,0,1,1,0,0,0,3,3,0,0,1,0,0,1,1,1,2,1,1,2,2,0,1,5,2,0,0,1,0,2,0,2,2,2,1,5,1,0,1,0,3,0,4,1,0,0,0,0,0,0,1,1,7,0,0,0,0,0,0,0,1,0,1,1,0,2,0,1,1,0,0,1,0,1,1,0,0,0,1,0,0,1,0,1,1,0,0,0,0,1,1,0,2,2,0,3,1,0,2,1,0,1,1,0,1,1,0,0,0,0,1,1,0,0,0,0,0,0,0,0,0,0,0,0,0,0,0,0,0,0,0,0,0,0,0,0,0,0,0,0,0,0,0
eget,0,3,0,0,0,2,0,4,0,0,0,1,4,0,2,0,1,5,0,2,3,1,0,0,2,7,1,0,2,1,1,1,0,4,1,2,3,0,3,4,1,1,1,5,1,1,1,4,2,1,5,3,2,1,3,3,3,2,0,6,1,3,0,1,3,2,0,2,2,2,0,2,1,5,1,1,2,2,0,3,0,1,3,2,1,0,1,2,4,3,2,3,5,2,3,0,3,1,2,0,0,0,0,0,3,2,0,0,1,5,2,1,1,3,2,2,2,0,1,2,1,2,1,2,3,2,2,1,1,4,0,3,0,0,2,1,1,3,0,0,2,3,2,5,1,2,3,2,2,1,3,1,1,0,4,0,0,0,0,0,0,0,0,0,0,0,0,0,0,0,0,0,0,0,0,0,0,0,0,0,0,0,0,0,0,0
turpis,0,0,0,4,0,0,0,0,3,1,1,1,0,1,0,3,1,0,4,1,2,1,2,1,0,1,1,1,0,1,0,1,3,0,1,1,0,2,2,1,1,0,1,0,0,0,1,0,0,3,0,1,0,2,1,1,1,0,0,0,0,0,3,2,0,0,1,1,0,0,0,1,1,0,2,0,0,0,2,0,1,2,2,3,19,3,3,2,1,2,1,0,0,2,0,4,0,0,1,0,0,0,0,1,0,1,2,0,0,4,0,0,2,0,1,0,1,1,0,1,1,0,0,0,0,2,0,0,1,1,2,0,2,1,1,1,0,0,0,0,1,1,0,1,2,0,1,1,0,1,0,1,2,0,1,0,0,0,0,0,0,0,0,0,0,0,0,0,0,0,0,0,0,0,0,0,0,0,0,0,3,0,0,0,0,0
varius,0,3,2,0,0,0,0,1,1,4,1,0,2,0,0,0,1,0,1,0,1,0,3,2,1,4,1,2,1,0,0,2,0,3,1,1,0,0,1,2,1,1,2,1,0,2,0,0,1,4,0,1,0,0,1,1,0,1,0,3,0,2,2,1,0,0,3,0,2,0,0,0,1,0,3,1,0,0,1,1,1,1,0,2,1,0,3,1,1,0,2,2,0,0,1,3,0,1,0,0,0,0,0,0,0,2,0,0,0,0,2,1,1,1,2,3,1,0,2,0,1,2,0,1,0,0,0,0,0,0,0,1,1,1,2,0,0,1,0,1,1,3,0,1,0,0,2,0,0,2,0,1,0,0,2,21,0,0,0,0,0,0,0,0,0,0,0,0,0,0,0,0,0,0,0,0,0,0,0,0,1,0,0,0,0,0
elementum,2,0,4,0,0,0,0,3,0,1,2,1,3,1,0,1,2,1,0,0,1,0,0,3,1,0,1,2,0,1,0,0,2,0,1,2,2,1,0,1,0,1,3,0,3,1,2,0,1,2,0,0,0,0,1,1,0,0,0,1,0,0,2,3,2,0,0,0,0,0,0,1,4,1,2,0,0,0,2,0,0,2,1,3,0,1,3,0,2,0,1,0,0,1,1,0,0,0,1,0,0,0,0,2,0,0,1,1,1,0,2,1,0,0,4,0,1,0,0,1,0,0,1,0,0,1,0,0,0,0,0,1,0,0,0,2,1,0,0,4,0,0,0,2,0,1,1,0,0,1,0,0,0,0,0,0,0,0,0,0,0,0,0,0,0,0,0,0,0,0,0,0,0,0,0,0,0,0,0,0,2,0,0,0,0,0
fusce,0,0,0,4,0,1,0,1,0,1,0,1,0,1,1,0,0,1,4,1,0,1,1,2,0,1,0,0,1,0,0,0,2,0,0,0,0,3,1,0,4,1,1,2,1,0,1,1,1,2,0,0,1,0,2,1,2,0,1,0,0,3,3,0,1,0,0,1,0,0,0,0,0,0,2,0,3,1,1,1,0,4,1,2,0,2,2,0,0,0,0,0,0,0,0,1,0,1,0,0,0,0,0,0,0,1,0,2,3,0,0,1,2,0,0,0,0,1,3,2,1,0,0,1,1,0,0,0,0,1,0,0,0,0,2,2,1,0,0,0,0,1,2,0,0,0,0,0,0,1,0,0,0,0,1,0,0,0,0,0,0,0,0,0,0,0,0,0,0,0,0,0,0,0,0,0,0,0,0,0,0,0,0,0,0,0
id,0,6,5,0,0,1,0,2,1,0,4,0,3,3,3,3,4,2,0,3,5,1,0,0,5,3,3,1,0,0,1,4,0,2,2,5,0,0,6,2,2,5,0,1,4,2,4,4,2,0,2,6,5,3,3,3,3,3,5,3,1,1,1,0,3,0,1,3,5,4,1,5,1,1,2,0,4,1,4,5,2,1,3,2,3,2,3,1,2,1,3,1,1,3,2,1,1,4,4,0,0,0,0,1,1,5,0,4,3,4,2,2,4,3,0,5,3,2,0,2,3,1,4,3,1,2,4,1,5,2,2,6,1,3,5,2,1,1,1,5,4,0,2,1,1,4,3,2,3,2,3,0,1,1,5,0,0,0,0,0,0,0,0,0,0,0,0,0,0,0,0,0,0,0,0,0,0,0,0,0,1,0,0,0,0,0
eros,1,2,0,7,0,4,0,2,1,4,1,3,1,1,1,3,3,0,2,0,0,2,7,3,0,2,0,5,1,0,0,1,5,1,2,0,0,2,1,5,1,0,4,0,0,1,1,0,2,2,0,0,0,0,1,1,0,0,0,0,2,0,4,1,0,1,2,0,0,0,0,1,2,0,1,1,0,0,1,0,0,5,0,6,0,3,5,3,0,0,2,0,2,1,1,0,1,1,0,0,0,0,0,0,1,1,0,1,0,0,0,2,1,0,0,0,0,1,0,3,0,0,1,1,1,0,1,2,2,0,1,0,0,2,0,1,1,0,0,0,0,1,2,0,0,0,0,2,1,0,1,1,0,1,0,0,0,0,0,0,0,0,0,0,0,0,0,0,0,0,0,0,0,0,0,0,0,0,0,0,2,0,0,0,0,0
nulla,1,1,2,2,0,1,0,1,0,5,2,3,0,0,1,0,4,0,6,3,1,3,4,6,1,3,2,4,1,3,1,2,4,2,4,1,1,10,2,1,2,0,10,2,2,3,2,2,2,5,3,0,3,1,1,0,0,2,2,0,2,3,8,2,1,1,5,4,2,0,4,2,1,0,5,1,4,2,2,1,0,8,1,10,1,3,6,1,2,0,0,2,2,0,1,7,1,6,4,0,0,0,0,0,1,1,2,1,1,1,2,2,0,1,1,0,2,2,0,2,0,2,0,1,0,1,0,1,2,1,0,0,1,0,1,0,5,1,3,1,0,0,3,0,2,4,0,0,1,0,3,0,2,0,1,0,0,0,0,0,0,0,0,0,0,0,0,0,0,0,0,0,0,0,0,0,0,0,0,0,1,20,0,0,0,0
mollis,3,0,0,0,0,0,0,2,1,2,1,1,1,0,1,1,1,1,1,0,0,0,3,3,0,1,0,1,0,0,1,0,1,0,1,0,1,2,1,3,0,2,1,0,2,0,0,1,0,1,0,0,0,0,0,1,2,1,0,0,0,0,3,0,0,0,1,0,1,0,1,0,3,4,1,0,0,0,1,3,1,0,2,2,0,2,1,0,2,2,4,0,1,1,2,2,0,1,1,0,0,0,0,2,0,0,0,0,0,0,1,0,0,0,3,1,0,1,1,0,2,2,0,0,0,1,0,0,2,1,0,2,1,0,0,0,1,1,2,4,3,0,0,2,0,0,3,0,1,0,0,0,2,0,1,0,0,0,0,0,0,0,0,0,0,0,0,0,0,0,0,0,0,0,0,0,0,0,0,0,0,0,0,0,0,0
mi,0,0,0,3,0,0,0,0,4,5,0,0,0,0,0,2,4,0,3,1,0,0,1,4,0,0,1,1,1,2,0,1,2,2,2,1,1,0,0,2,0,0,4,0,3,2,2,0,1,2,0,1,0,0,0,1,0,1,0,1,0,1,4,1,0,2,3,0,1,1,0,0,1,1,3,0,2,0,4,0,0,1,0,6,1,1,3,2,0,1,0,1,0,1,2,2,0,0,0,0,0,0,0,1,2,0,3,1,0,0,0,0,2,0,1,2,1,1,0,1,0,0,1,1,0,0,3,0,1,1,0,1,2,0,1,1,0,1,2,0,1,1,1,1,3,0,1,3,0,2,1,1,1,1,0,0,0,0,0,0,0,0,0,0,0,0,0,0,0,0,0,0,0,0,0,0,0,0,0,0,1,0,0,0,0,0
et,4,6,10,1,0,3,0,3,0,0,2,6,7,2,3,0,3,0,0,1,5,21,0,1,3,3,5,0,1,0,3,9,0,4,5,2,1,0,5,1,2,5,1,3,3,5,4,1,2,0,1,4,1,3,3,6,5,4,3,1,2,2,0,1,2,6,4,4,4,3,7,4,1,4,0,2,0,2,2,8,0,0,5,2,3,1,1,1,2,5,3,3,1,2,2,2,2,3,1,0,0,0,0,0,2,5,1,1,5,0,2,2,1,8,4,6,1,2,3,4,6,2,2,1,4,5,3,5,1,3,4,2,0,0,4,3,3,0,0,2,5,1,5,0,1,0,3,1,44,1,1,1,2,2,6,0,0,21,0,0,0,0,0,0,1,0,0,0,0,0,0,0,0,0,0,0,0,0,0,0,1,0,0,0,0,18
consequat,2,4,1,2,0,0,0,0,1,0,1,1,2,0,1,1,2,2,1,0,1,1,3,2,1,0,1,1,0,2,1,2,1,1,0,0,1,0,2,3,1,0,2,0,2,2,1,3,0,2,0,1,0,2,1,1,0,1,0,1,0,0,1,1,2,0,1,0,1,1,2,0,2,2,0,0,0,1,1,1,1,0,0,1,0,1,3,0,3,0,3,1,1,1,0,1,0,0,0,0,0,0,0,3,0,1,1,1,0,0,1,0,1,0,2,0,3,1,0,0,3,1,0,0,0,2,0,0,1,0,0,2,0,0,1,0,0,0,2,0,2,1,0,1,1,1,3,0,1,2,1,0,1,0,1,0,0,0,0,0,0,0,0,0,0,0,0,0,0,0,0,0,0,0,0,0,0,0,0,0,0,0,0,0,0,0
mauris,0,1,2,2,0,2,0,0,1,12,1,1,1,2,3,2,2,1,7,2,3,1,4,5,1,1,0,9,0,1,2,1,2,1,2,1,1,9,0,5,0,3,10,0,3,1,1,1,0,3,1,1,3,2,1,0,0,0,1,1,0,1,1,5,1,2,1,2,1,1,0,1,2,1,2,0,2,2,1,0,0,8,0,7,2,5,6,3,1,0,1,2,0,1,0,6,2,1,1,0,0,0,0,0,1,6,1,0,2,2,0,0,0,0,3,0,2,2,4,1,1,1,2,1,1,2,1,1,2,0,1,1,1,2,1,1,2,0,2,0,1,0,2,2,0,2,1,0,1,1,1,2,1,0,0,0,0,0,0,0,0,0,0,0,0,0,0,0,0,0,0,0,0,0,0,0,0,0,0,0,0,0,0,0,0,0
nunc,1,1,0,5,0,0,0,0,0,7,1,0,1,0,1,2,2,2,6,0,0,2,8,6,0,3,0,5,1,2,3,0,4,1,1,3,0,5,1,3,2,0,5,5,2,2,1,3,2,2,2,0,6,1,1,0,2,1,0,1,1,3,9,1,2,2,1,1,2,0,2,0,2,1,3,1,1,1,5,1,4,3,0,15,0,6,9,1,2,1,0,2,3,0,2,8,2,0,0,0,0,0,0,1,2,3,1,2,0,3,1,1,2,1,0,0,2,1,1,0,2,0,1,1,3,0,0,4,3,1,0,0,0,2,3,2,1,2,2,0,1,1,1,0,2,3,0,2,3,0,2,0,1,2,0,0,0,0,0,0,0,0,0,0,0,0,0,0,0,0,0,0,0,0,0,0,0,0,0,0,1,0,0,0,0,0
metus,0,0,2,2,0,0,0,0,0,0,1,3,0,1,1,1,2,0,4,0,0,1,0,1,0,0,0,6,0,1,0,0,6,0,1,1,3,3,0,1,2,0,5,0,2,3,3,1,0,6,3,0,0,0,1,0,1,0,1,0,0,0,1,4,1,1,2,0,0,1,0,1,1,0,2,1,1,0,5,0,0,3,0,3,3,3,6,0,0,1,0,0,0,0,0,7,2,1,0,0,0,0,0,2,0,0,0,0,2,1,2,3,3,1,0,0,0,1,0,0,0,1,0,0,2,2,0,0,0,0,1,0,2,3,0,2,0,0,1,0,0,0,0,1,1,1,0,0,0,0,0,1,1,3,2,0,0,0,0,0,0,0,0,0,0,0,0,0,0,0,0,0,0,0,0,0,0,0,0,0,2,0,0,0,0,0
lacus,0,2,0,1,0,0,0,0,1,3,0,0,0,0,0,1,3,0,7,1,3,1,2,5,0,2,0,3,0,0,0,0,2,1,0,1,0,5,2,1,0,0,3,0,1,1,1,1,1,7,2,1,1,1,0,1,2,3,0,0,1,1,4,2,1,0,2,0,0,2,1,1,1,1,3,0,1,2,3,0,3,5,0,5,0,5,1,3,0,1,0,2,1,0,5,4,0,1,1,0,0,0,0,1,0,2,2,2,1,1,2,0,1,1,0,0,3,1,0,0,1,3,0,1,0,0,1,0,0,1,1,2,1,1,0,0,1,1,2,2,3,0,0,1,0,0,0,0,0,1,0,4,1,0,2,0,0,0,0,0,0,0,0,0,0,0,0,0,0,0,0,0,0,0,0,0,0,0,0,0,0,0,0,0,0,0
facilisis,2,1,2,1,0,0,0,1,1,1,2,1,2,1,0,0,1,0,1,0,1,0,1,1,1,0,0,2,0,0,0,0,2,0,0,0,1,0,1,2,0,2,2,0,2,5,1,3,0,1,1,1,0,2,0,1,1,0,1,1,1,0,0,1,1,0,1,0,2,0,2,0,1,1,2,1,0,0,0,1,0,0,1,4,0,0,1,0,0,2,0,0,1,1,0,2,0,1,1,0,0,0,0,1,1,0,2,0,0,0,0,0,1,0,4,0,0,1,1,0,3,2,1,0,1,0,0,0,1,1,0,2,2,0,0,0,1,1,0,1,4,3,2,2,0,0,1,0,0,1,0,1,0,0,2,0,0,0,0,0,0,0,0,0,0,0,0,0,0,0,0,0,0,0,0,0,0,0,0,0,0,0,0,0,0,0
a,4,4,0,1,0,2,0,1,0,0,2,2,1,3,0,1,3,5,0,5,1,2,0,1,4,5,1,0,2,0,1,3,0,4,1,2,1,0,1,3,4,1,1,2,2,3,2,1,0,0,1,5,1,2,5,4,1,3,1,5,2,1,1,1,3,1,3,1,4,1,6,0,0,4,1,3,4,2,4,3,3,1,2,3,1,0,0,0,4,1,2,3,5,2,6,0,0,0,0,0,0,0,0,1,1,3,1,0,0,4,4,1,1,0,0,3,4,3,0,3,6,2,4,1,4,6,3,2,2,3,5,5,1,0,3,5,4,3,1,2,0,2,1,2,0,3,3,2,1,2,4,0,4,1,0,0,0,0,0,0,0,0,0,0,0,0,0,0,0,0,0,0,0,0,0,0,0,0,0,0,1,0,0,0,0,0
scelerisque,1,1,1,1,0,0,0,1,0,5,1,0,0,0,0,0,1,5,2,0,0,0,0,0,1,0,1,1,0,0,0,1,0,2,0,1,0,2,1,2,1,1,2,1,3,5,3,1,1,1,1,3,0,1,0,3,0,0,0,1,1,0,1,0,0,1,1,0,2,0,0,0,3,3,1,0,0,1,2,0,1,3,2,3,0,1,3,0,0,2,1,0,1,0,1,2,0,0,0,0,0,0,0,1,1,1,0,0,1,1,2,1,0,0,1,0,1,0,0,0,0,1,0,1,1,2,0,0,0,0,0,1,2,2,0,0,0,0,1,2,1,0,0,2,1,0,1,3,0,0,0,2,1,1,2,0,0,0,0,0,0,0,0,0,0,0,0,0,0,0,0,0,0,0,0,0,0,0,0,0,1,0,0,0,0,0
nisl,1,0,0,5,0,0,0,2,1,2,0,0,0,0,3,2,4,0,1,0,0,1,2,7,0,1,0,3,1,3,1,0,4,2,0,1,0,4,0,1,0,2,3,0,0,3,0,0,0,4,0,0,1,0,1,0,1,1,1,0,0,1,2,1,1,0,1,1,0,1,1,1,0,0,3,0,1,0,0,0,1,5,1,6,0,5,6,2,0,1,2,1,0,0,0,6,0,0,2,0,0,0,0,0,1,1,3,0,0,0,0,1,0,0,0,3,1,0,0,0,1,2,3,2,0,0,3,0,1,0,1,1,2,3,0,0,0,1,0,0,1,0,1,1,1,0,0,0,0,0,0,1,0,1,0,0,0,0,0,0,0,0,0,0,0,0,0,0,0,0,0,0,0,0,0,0,0,0,0,0,1,0,0,0,0,0
faucibus,2,1,1,1,0,0,0,0,0,0,2,4,0,0,1,2,1,1,3,1,1,0,1,3,0,0,1,2,0,1,0,2,2,0,1,2,1,0,3,3,0,2,1,0,0,0,1,2,2,0,0,3,1,1,1,1,0,1,0,2,0,2,0,1,1,0,1,0,1,0,1,1,4,0,4,0,0,1,1,0,1,3,0,4,2,0,4,2,1,0,1,0,3,0,19,2,1,0,0,0,0,0,0,2,0,0,0,1,0,0,1,1,0,0,0,0,3,1,0,0,0,0,0,0,0,2,0,0,0,2,0,3,1,1,0,0,0,0,1,2,0,0,0,1,5,0,0,1,0,0,1,0,0,3,0,0,0,0,0,0,0,0,0,0,0,0,0,0,0,0,0,0,0,0,0,0,0,0,0,0,2,0,0,0,0,0
tristique,2,0,2,1,0,0,0,2,1,0,2,1,0,0,1,0,1,1,1,1,0,1,5,1,0,0,2,1,1,1,1,1,1,1,0,0,1,1,1,1,0,0,0,0,0,0,1,1,1,1,0,0,0,0,0,0,2,2,1,1,1,1,2,0,0,0,1,2,2,1,1,1,4,3,0,0,1,1,3,0,0,2,1,3,2,1,2,0,2,0,3,1,0,0,2,1,1,1,0,0,0,0,0,0,0,0,0,1,0,2,0,0,0,0,3,0,3,1,0,0,2,0,0,1,1,0,0,0,0,1,0,0,0,1,1,0,1,0,0,2,0,0,0,2,0,0,1,0,0,0,0,1,0,0,0,0,0,0,0,0,0,0,0,0,0,0,0,0,0,0,0,0,0,0,0,0,0,0,0,0,1,0,0,0,18,0
pulvinar,2,0,1,3,0,0,0,1,0,0,0,0,2,0,0,0,2,1,0,0,2,1,1,0,0,0,0,0,1,0,0,0,1,1,1,1,1,1,2,1,0,0,1,0,4,2,2,0,2,0,0,3,1,0,1,1,0,0,1,2,0,1,0,0,0,0,1,0,2,1,0,1,0,1,1,1,0,0,1,1,2,1,2,4,1,1,1,1,1,1,2,0,1,1,3,0,2,0,0,0,0,0,0,0,0,0,0,1,1,0,1,0,0,0,0,2,0,0,1,0,4,2,1,1,0,0,0,0,0,1,0,2,1,3,0,1,1,1,2,2,0,0,1,4,1,0,1,0,0,1,0,0,0,1,0,0,0,0,0,0,0,0,0,0,0,0,0,0,0,0,0,0,0,0,0,0,0,0,0,0,0,0,0,0,0,0
enim,1,1,1,5,0,0,0,1,1,2,2,1,1,2,0,0,4,1,4,0,0,1,3,6,1,4,1,3,0,1,1,0,5,0,0,0,1,4,0,1,1,0,5,1,2,0,0,1,0,0,0,2,1,0,0,0,0,0,0,0,0,0,6,1,2,0,4,0,2,1,0,3,0,0,4,1,1,2,3,2,3,2,0,3,1,9,5,0,0,0,0,3,0,0,1,5,0,2,0,0,0,0,0,6,1,0,1,1,1,0,0,0,0,0,1,1,2,1,0,0,0,1,0,2,2,0,1,0,0,1,1,0,1,0,1,0,1,1,2,0,3,0,1,0,2,0,1,1,3,0,0,0,1,6,1,0,0,0,0,0,0,0,0,0,1,0,0,0,0,0,0,0,0,0,0,0,0,0,0,0,1,0,0,0,0,0
auctor,3,4,2,1,0,0,0,1,0,2,0,1,1,0,0,1,1,5,3,2,0,0,3,0,3,2,0,0,0,0,0,1,0,0,0,0,0,2,1,3,1,0,4,0,1,0,1,1,0,3,1,2,0,1,0,0,0,1,0,2,1,0,1,1,0,1,1,1,2,0,0,2,0,1,0,0,1,0,0,2,1,2,0,2,1,1,2,1,2,0,2,1,1,0,0,1,2,1,0,0,0,0,0,1,1,0,0,0,0,0,5,1,0,0,2,0,1,0,0,0,3,0,1,1,0,2,0,1,0,0,0,2,1,0,0,1,1,1,0,2,1,1,1,1,2,0,2,0,1,1,1,0,0,0,0,0,0,0,0,0,0,0,0,0,0,0,0,0,0,0,0,0,0,0,0,0,0,0,0,0,1,0,0,0,0,0
magna,2,1,0,2,0,1,0,0,0,4,2,1,1,1,2,2,4,0,3,1,0,2,2,3,0,1,0,4,1,1,1,0,5,0,0,0,0,4,1,2,1,1,3,0,3,2,0,0,0,4,1,1,2,0,2,0,1,0,1,0,2,0,3,1,1,0,1,0,0,2,3,0,3,0,0,0,0,0,1,0,1,7,1,6,0,5,5,2,0,3,1,4,0,1,0,4,0,0,0,0,0,0,0,1,0,1,0,1,0,1,0,2,2,0,0,2,0,1,0,0,0,1,0,0,1,0,1,0,0,0,1,0,0,1,0,1,0,3,1,0,0,0,1,0,0,1,0,1,0,0,1,3,1,1,5,0,0,0,0,0,0,0,0,0,1,0,0,0,0,0,0,0,0,0,0,0,0,0,0,0,3,0,0,0,0,0
tempus,0,2,0,1,0,0,0,0,1,1,3,0,1,0,0,1,1,1,4,0,3,2,1,0,3,0,1,0,0,0,1,1,1,3,0,0,0,0,1,1,0,0,0,1,1,0,2,0,1,1,1,3,1,1,0,0,0,3,1,2,0,0,1,1,0,1,0,0,1,0,0,2,0,0,0,1,0,1,0,0,0,0,0,3,0,1,2,0,1,0,1,0,0,0,0,2,1,0,0,0,0,0,0,1,0,0,0,0,0,0,0,0,0,0,0,4,2,0,0,0,6,0,0,0,0,1,0,0,0,0,0,2,0,1,0,0,0,0,0,1,1,2,0,1,1,1,1,1,0,1,1,1,0,0,1,0,0,0,0,0,0,0,0,0,0,0,0,0,0,0,0,0,0,0,0,0,0,0,0,0,0,0,0,0,0,0
risus,1,1,0,7,0,1,0,0,1,3,1,1,0,1,1,3,4,0,5,0,0,0,3,6,0,0,0,3,2,2,0,1,5,0,1,1,3,4,1,1,0,0,7,1,1,3,1,0,0,7,1,1,0,0,1,1,1,2,1,0,1,0,3,2,0,1,3,0,1,2,1,0,2,1,2,1,1,0,3,1,2,2,1,6,0,2,5,1,0,1,0,0,0,0,0,9,0,3,1,0,0,0,0,2,0,0,1,1,1,1,0,2,0,1,0,0,1,1,1,0,0,0,1,2,1,0,1,0,0,0,1,1,2,4,2,0,1,0,1,1,0,0,0,1,0,0,2,0,0,1,1,2,1,3,2,0,0,0,0,0,0,0,0,0,1,0,0,0,0,0,0,0,0,0,0,0,0,0,0,0,1,0,0,0,0,0
mattis,1,0,1,0,0,0,0,0,0,0,1,1,1,2,1,2,3,1,0,1,1,0,1,2,0,1,0,0,0,1,1,2,3,1,2,0,1,2,0,3,1,0,1,1,1,3,0,3,0,0,0,0,1,0,0,1,1,3,0,1,0,0,0,1,0,2,1,2,1,0,1,2,0,4,1,0,0,0,0,1,1,1,1,2,1,0,0,1,0,1,2,1,0,3,3,0,0,0,0,0,0,0,0,0,0,0,0,0,0,2,1,0,0,0,1,0,2,0,0,0,4,0,1,0,0,3,0,0,1,0,0,2,2,1,0,1,0,1,0,0,1,0,0,0,0,0,2,0,0,2,1,0,0,2,0,0,0,0,0,0,0,0,0,0,0,0,0,0,0,0,0,0,0,0,0,0,0,0,0,0,0,0,0,0,0,0
eleifend,0,1,2,1,0,1,0,2,0,2,0,1,1,0,1,1,1,4,1,0,3,2,0,1,0,2,0,4,0,0,0,1,2,2,0,0,1,3,2,1,0,0,2,0,2,3,0,2,1,1,1,2,0,0,2,1,1,4,1,1,0,0,5,0,1,0,1,1,1,0,0,1,0,2,0,0,0,1,0,1,0,2,3,2,1,1,1,1,0,1,2,0,2,0,0,3,0,0,0,0,0,0,0,0,0,1,4,0,0,2,3,0,0,0,5,1,2,1,1,0,1,0,2,0,0,0,0,2,0,0,0,0,1,0,0,0,0,0,1,1,4,0,0,3,0,1,1,0,0,1,0,1,1,0,0,0,0,0,0,0,0,0,0,0,0,0,0,0,0,0,0,0,0,0,0,0,0,0,0,0,0,0,0,0,0,0
at,5,1,3,0,0,2,0,2,1,0,3,4,4,3,2,0,5,1,0,3,4,2,1,1,2,2,4,0,1,1,2,4,0,0,3,2,0,0,2,3,2,2,0,6,8,5,2,2,3,0,1,2,3,4,2,5,2,3,1,3,2,2,0,0,4,5,1,2,5,3,4,2,0,2,1,3,3,6,1,1,1,1,5,2,2,0,4,0,2,4,4,3,3,3,5,0,1,4,2,0,0,0,0,0,1,1,0,2,2,3,2,3,2,2,3,3,3,1,1,1,4,3,2,1,3,2,2,0,1,3,0,3,0,0,0,0,2,4,0,4,8,2,2,5,1,2,2,1,2,2,1,1,4,1,2,0,0,0,0,0,0,0,0,0,0,0,0,0,0,0,0,0,0,0,0,0,0,0,0,0,0,0,0,0,0,0
suspendisse,0,0,0,3,0,1,0,0,0,0,1,2,1,1,1,0,4,0,2,2,1,0,0,4,0,2,0,4,0,0,3,0,2,0,0,1,0,1,0,0,1,1,1,2,0,0,0,0,1,3,1,0,0,1,3,0,1,0,2,0,1,3,2,0,2,1,0,1,0,0,2,0,0,0,1,0,0,0,0,0,0,9,1,1,1,3,4,0,1,0,0,0,1,0,0,4,1,1,1,0,0,0,0,0,1,1,0,4,1,0,1,1,0,0,0,1,1,1,1,0,1,1,1,0,1,0,1,0,0,2,0,0,0,0,3,0,1,0,0,0,0,1,2,0,0,1,0,0,3,1,0,0,0,0,0,0,0,0,0,0,0,0,0,0,0,0,0,0,0,0,0,0,0,0,0,0,0,0,0,16,0,0,0,0,0,0
congue,2,0,1,0,0,0,0,3,0,4,0,2,1,0,1,1,0,0,1,1,4,1,0,1,2,1,1,1,1,0,2,1,2,0,0,0,0,1,1,4,1,2,3,1,0,2,1,0,1,2,1,0,0,0,1,2,0,1,0,0,0,1,3,0,0,3,2,1,1,2,1,2,0,0,2,0,0,0,1,0,0,3,1,3,0,2,0,0,1,1,3,0,0,3,0,2,0,0,0,0,0,0,0,0,0,0,0,0,1,0,1,1,1,1,0,1,0,0,0,0,1,1,0,0,0,2,0,1,0,0,0,0,0,1,1,2,1,0,1,1,2,0,0,3,1,0,0,0,0,1,0,0,1,0,0,0,0,0,0,0,0,0,0,0,0,0,0,0,0,0,0,0,0,0,0,0,0,0,0,0,1,0,0,0,0,0
porttitor,1,1,2,3,0,0,0,1,0,4,1,0,1,0,1,1,0,1,1,0,1,0,2,1,1,1,1,1,0,1,0,2,3,1,0,0,0,2,1,3,0,2,3,0,0,1,2,0,1,3,1,0,0,0,1,0,1,1,1,4,1,1,2,2,2,0,2,0,2,1,0,2,0,0,2,0,0,0,4,2,0,1,1,1,0,0,2,1,2,0,2,0,2,1,0,1,0,0,0,0,0,0,0,1,0,0,1,2,0,1,3,1,1,2,2,0,0,1,2,1,1,0,0,0,1,1,1,0,0,0,0,1,1,1,0,0,0,1,0,1,1,0,1,1,1,1,1,1,0,0,0,0,1,1,2,0,0,0,0,0,0,0,0,0,0,0,0,0,0,0,0,0,0,0,0,0,0,0,0,0,2,0,0,0,0,0
donec,0,0,0,8,0,1,0,1,0,5,1,2,0,4,1,0,2,0,5,2,0,3,8,5,1,5,0,4,1,0,4,2,3,0,1,0,0,2,0,2,1,2,3,3,0,0,1,0,0,4,4,0,3,0,2,0,2,0,1,2,3,2,5,0,1,1,0,1,0,2,3,0,0,0,1,1,1,2,0,0,0,5,0,5,0,2,6,0,1,0,0,1,0,3,2,4,0,3,1,0,0,0,0,0,0,1,0,1,1,3,0,2,1,0,0,0,0,2,0,3,1,0,2,1,5,0,1,1,1,3,0,2,0,0,2,2,2,1,0,0,0,2,3,1,0,1,0,0,3,1,1,0,0,0,0,0,0,0,0,0,0,0,0,0,0,0,0,0,0,0,0,0,0,0,0,0,0,0,0,0,0,0,0,0,0,0
luctus,4,3,1,3,0,2,0,4,0,2,0,1,0,0,0,0,0,1,3,0,1,0,1,3,3,0,2,2,0,1,1,0,2,2,0,0,0,2,2,2,1,2,19,0,2,3,1,2,0,2,0,0,1,1,1,0,1,0,0,2,1,1,1,2,0,1,2,0,1,0,0,1,0,2,1,1,0,1,1,1,1,0,0,0,1,0,1,0,2,0,3,0,1,1,0,0,1,3,0,0,0,0,0,0,0,1,1,0,0,0,0,1,1,0,2,0,1,0,0,0,3,0,0,0,0,1,0,0,2,0,0,0,0,0,1,0,1,0,0,4,0,0,1,3,0,0,1,0,0,0,0,0,0,1,0,0,0,0,0,0,0,0,0,0,0,0,0,0,0,0,0,0,0,0,0,0,0,0,0,0,1,0,0,0,0,0
urna,2,1,2,3,0,0,0,0,1,2,1,0,1,1,2,2,2,1,1,0,1,1,5,2,1,2,0,2,0,1,2,0,2,0,1,0,0,6,0,1,1,0,8,0,3,6,0,0,0,2,1,1,0,1,0,0,0,1,2,0,1,2,3,3,0,2,2,0,1,3,0,0,0,0,2,0,0,2,1,0,1,3,0,8,1,2,5,1,0,0,2,1,0,0,1,4,0,0,0,0,0,0,0,0,0,0,1,0,1,1,0,0,1,1,2,1,1,0,1,1,1,0,0,1,0,0,0,0,0,2,0,1,2,2,0,0,2,1,1,1,1,1,0,0,1,0,1,1,2,0,2,1,1,2,0,0,0,0,0,0,0,0,0,0,0,0,0,0,0,0,0,0,0,0,0,0,0,0,0,0,4,0,0,0,0,0
aliquet,0,1,0,1,0,1,0,2,1,1,0,1,0,0,2,2,1,1,2,1,0,0,1,1,2,0,0,1,0,0,3,3,2,1,1,0,1,0,0,1,0,2,2,0,1,1,3,1,0,2,1,3,0,0,0,2,0,2,1,1,0,1,0,2,0,1,1,2,0,0,1,1,2,0,0,0,0,0,0,1,0,3,1,2,0,0,3,1,1,1,0,1,1,0,0,2,2,0,1,0,0,0,0,1,0,0,0,0,0,2,2,0,1,0,1,1,0,0,0,0,1,1,0,0,1,3,2,0,0,0,1,2,0,0,0,0,0,1,0,1,3,1,0,2,1,0,2,0,1,1,0,0,1,1,1,0,0,0,0,0,0,0,0,0,0,0,0,0,0,0,0,0,0,0,0,0,0,0,0,0,2,0,0,0,0,0
dignissim,1,1,3,0,0,1,0,0,0,0,1,0,1,2,0,1,1,2,4,1,2,0,1,2,3,1,0,1,1,0,0,1,1,0,0,0,1,0,3,1,0,1,0,0,0,0,2,2,1,1,1,1,2,0,1,0,0,2,0,2,1,0,3,0,0,0,1,0,1,0,0,3,2,0,1,0,1,0,2,1,1,0,1,6,0,0,5,0,0,1,3,0,0,2,2,0,0,0,2,0,0,0,0,1,0,1,0,3,2,1,2,1,2,0,3,0,4,1,1,0,0,0,2,0,0,0,1,1,0,0,2,0,0,1,0,1,1,2,1,0,3,1,0,3,0,0,1,2,1,1,0,0,1,0,0,0,0,0,0,0,0,0,0,0,0,0,0,0,0,0,0,0,0,0,0,0,0,0,0,0,0,0,0,0,0,0
quam,0,2,0,2,0,0,0,0,2,7,0,1,0,2,1,2,4,1,3,0,1,1,9,3,0,1,1,2,0,1,1,0,2,0,1,0,1,2,0,3,0,0,5,1,1,2,0,0,1,2,1,0,2,0,0,0,1,1,0,0,0,0,2,1,0,0,3,1,1,0,1,0,1,0,0,2,0,1,3,0,2,2,0,9,3,9,6,1,1,1,1,0,2,1,0,4,0,0,2,0,0,0,0,1,0,0,2,0,1,0,0,2,1,0,1,0,0,2,0,3,1,0,0,1,0,0,2,0,0,1,1,1,1,1,3,0,0,3,0,0,1,0,0,0,2,0,1,0,1,1,0,1,0,2,0,0,0,0,0,0,0,0,0,0,0,0,0,0,0,0,0,0,0,0,0,0,0,0,0,0,0,0,0,0,0,0
maecenas,0,1,0,3,0,0,0,0,0,1,0,0,0,0,1,0,0,0,1,2,0,0,0,3,0,1,0,3,1,0,0,1,0,0,1,2,0,4,0,0,0,0,3,2,0,0,1,0,0,1,1,1,2,2,0,0,1,0,0,0,0,1,5,0,1,1,0,0,2,1,1,0,0,0,2,0,1,0,1,1,0,3,0,2,0,3,3,0,0,0,0,1,1,1,0,4,0,0,0,0,0,0,0,0,2,1,0,0,1,4,2,1,0,1,2,0,0,1,2,4,0,0,0,1,1,2,0,2,1,1,1,0,0,0,0,2,3,4,0,0,0,3,2,0,0,1,2,1,1,2,0,0,1,0,1,0,0,0,0,0,0,0,0,0,0,0,0,0,0,0,0,0,0,0,0,0,0,0,0,0,0,0,0,0,0,0
libero,0,0,1,7,0,0,0,1,1,4,1,2,0,0,0,1,2,0,2,1,0,0,1,6,0,2,0,9,1,0,1,1,1,0,0,1,3,7,0,1,2,1,6,1,5,0,1,0,0,2,1,1,0,3,0,1,1,0,0,0,0,0,6,1,1,0,2,0,0,1,0,0,1,1,1,0,1,1,1,0,0,5,0,7,1,3,6,2,0,1,0,1,0,0,0,5,0,1,1,0,0,0,0,2,1,1,3,0,0,0,0,1,1,1,0,1,0,0,1,3,2,1,1,2,0,1,1,0,1,1,1,0,2,0,1,0,1,0,0,0,2,0,0,0,0,2,0,0,0,0,0,0,2,2,1,0,0,0,0,0,0,0,0,0,0,0,0,0,0,0,0,0,0,0,0,0,0,0,0,0,0,0,0,0,0,0
aliquam,0,1,2,3,0,1,0,2,0,4,1,1,0,0,2,1,2,0,2,1,0,4,4,2,28,3,1,2,2,0,4,1,3,2,0,0,0,3,2,1,1,1,1,0,1,1,1,1,6,2,1,2,1,1,1,2,0,0,1,0,1,0,2,2,2,2,0,1,2,1,1,2,0,1,1,1,2,1,1,0,0,1,0,5,3,7,2,1,2,2,1,1,0,2,1,2,1,1,1,0,0,0,0,0,2,0,1,0,2,1,1,2,0,2,2,1,1,0,1,2,1,1,5,0,0,1,0,2,1,0,2,2,1,0,3,0,0,0,0,0,1,0,0,2,0,2,1,2,1,2,2,1,2,1,0,0,0,0,0,0,0,0,0,0,0,0,0,0,0,0,0,0,0,0,0,0,0,0,0,0,1,0,0,0,0,0
lacinia,1,1,0,1,0,0,0,2,0,0,0,0,1,0,0,0,2,0,3,0,1,0,2,2,2,2,2,1,0,1,0,2,0,1,0,1,0,1,0,3,1,3,1,1,1,2,1,1,1,2,0,0,0,0,1,1,1,1,0,0,0,0,2,0,0,0,1,1,0,0,0,0,0,1,3,1,1,0,0,1,1,3,1,2,0,0,2,0,0,0,2,0,0,0,1,2,0,0,0,0,0,0,0,1,2,2,0,0,0,0,0,0,0,2,1,1,2,0,1,0,0,0,1,0,1,1,0,2,0,0,0,2,0,1,1,1,0,0,0,0,1,0,0,1,1,2,0,1,1,0,0,0,1,0,0,0,0,0,0,0,0,0,0,0,0,0,0,0,0,0,0,0,0,0,0,0,0,0,0,0,0,0,0,0,0,0
ultricies,3,2,1,1,0,0,0,0,0,4,1,0,2,0,1,1,0,0,1,0,0,1,1,0,2,1,3,1,2,3,0,3,1,2,1,0,1,3,3,1,1,2,0,0,1,0,0,1,0,3,1,1,0,0,0,0,0,1,1,4,0,0,2,1,0,1,1,1,0,0,1,0,1,2,0,1,1,2,3,0,1,0,1,3,0,2,1,0,2,0,1,0,1,0,0,0,0,0,0,0,0,0,0,0,1,1,0,3,1,0,3,1,0,1,1,0,0,0,0,0,1,0,0,0,0,0,1,1,0,0,0,1,0,0,0,0,0,0,0,1,1,0,0,5,2,0,2,0,1,2,1,2,0,1,1,0,0,0,0,0,0,0,0,0,0,0,0,0,0,0,0,0,0,0,0,0,0,0,0,0,0,0,0,0,0,0
iaculis,1,2,0,2,0,0,0,0,0,1,2,2,0,0,0,0,1,2,3,1,1,0,0,2,0,0,2,2,0,0,0,1,0,2,0,0,0,2,0,3,1,1,3,0,2,2,1,1,0,1,0,2,1,0,0,1,0,2,1,1,2,1,0,0,0,1,1,1,1,1,0,1,0,0,2,2,1,0,2,0,1,1,0,1,0,1,2,0,1,1,2,0,0,1,3,2,0,0,0,0,0,0,0,0,0,0,1,2,1,0,2,0,1,0,1,1,0,1,1,0,1,0,0,0,0,1,2,0,0,0,0,5,0,1,1,0,0,1,0,2,0,0,0,0,0,1,2,0,1,0,1,0,0,0,1,0,0,0,0,0,0,0,0,0,0,0,0,0,0,0,0,0,0,0,0,0,0,0,0,0,0,0,0,0,0,0
pellentesque,1,0,1,4,0,2,0,1,1,4,0,2,1,2,2,0,3,0,10,0,0,1,1,3,0,1,0,2,3,1,4,0,5,2,0,1,1,4,3,8,2,1,6,2,3,3,1,2,2,1,0,3,0,1,1,1,2,0,1,2,4,2,6,2,3,2,0,1,1,3,1,0,0,1,0,0,1,1,2,2,0,5,1,2,2,4,1,0,0,2,2,0,2,2,0,1,0,0,2,0,0,0,0,1,3,1,1,2,1,2,0,2,1,4,3,1,0,1,3,2,1,2,0,1,0,0,2,1,1,0,0,2,0,0,2,2,1,0,0,0,0,0,2,0,2,0,1,2,2,0,0,0,0,1,1,0,0,0,0,0,0,0,0,0,0,0,0,0,0,0,0,0,0,0,0,0,0,0,0,0,0,0,0,18,0,0
tortor,0,0,0,4,0,1,0,0,1,5,0,2,2,4,0,0,0,0,2,1,0,2,1,4,0,2,3,4,0,3,0,1,2,0,0,0,0,4,0,2,1,0,5,1,0,2,1,0,1,3,1,0,1,1,0,0,0,1,0,0,0,3,3,1,0,3,4,2,0,1,0,0,0,1,1,0,0,1,2,1,2,5,0,4,1,2,0,2,0,0,0,0,0,1,1,0,0,0,0,0,0,0,0,1,0,0,1,0,2,2,1,1,2,0,0,0,1,0,0,1,0,0,1,1,0,1,1,0,0,2,1,0,2,2,1,0,0,0,3,0,0,0,1,1,1,0,0,0,0,0,0,0,0,0,1,0,0,0,0,0,0,0,0,0,0,0,0,0,0,0,0,0,0,0,0,0,0,0,0,0,0,0,0,0,0,0
vivamus,1,0,0,3,0,1,0,0,0,8,0,0,0,2,0,0,0,0,5,0,0,1,3,4,0,1,0,4,0,0,0,0,0,0,0,0,0,3,0,0,2,0,3,1,0,1,0,2,2,2,1,0,2,1,1,1,1,0,2,0,0,0,3,0,2,2,0,0,0,1,2,1,0,0,1,1,3,0,2,0,0,2,0,0,0,6,2,0,0,0,1,1,1,1,0,3,2,0,0,0,0,0,0,0,0,2,0,1,0,0,1,2,0,0,0,0,0,0,0,0,0,0,1,2,2,0,5,4,0,2,1,0,0,0,1,0,0,0,0,0,0,0,0,0,0,0,0,0,2,0,1,0,0,0,1,0,0,0,0,0,0,0,0,0,0,0,0,0,0,0,0,0,0,0,0,0,0,0,0,0,0,0,0,0,0,0
ac,3,4,1,1,0,3,0,3,0,0,1,2,2,1,4,1,4,3,2,5,4,2,1,2,4,2,1,0,3,0,1,24,0,20,4,0,2,1,1,7,3,5,1,3,2,3,2,3,5,0,3,3,2,0,4,4,4,0,0,3,3,2,0,0,3,3,1,2,3,2,2,2,1,2,0,3,2,4,3,2,0,0,2,2,2,2,0,0,3,3,2,3,6,4,3,1,2,5,4,0,0,0,0,0,2,1,0,2,2,5,3,2,1,2,5,4,2,3,4,1,3,5,1,3,2,3,2,2,3,1,0,1,0,3,2,3,2,2,0,3,6,3,4,4,0,2,1,3,1,1,0,1,2,1,2,0,0,0,0,0,0,0,0,0,0,0,0,0,0,0,0,0,0,0,0,0,0,0,0,0,2,0,0,0,0,0
augue,2,0,1,2,0,1,0,1,0,1,0,0,1,0,1,0,2,0,5,1,1,1,4,2,1,1,0,7,1,5,1,0,2,0,0,2,1,5,1,1,0,1,2,2,2,3,0,0,0,4,0,0,0,0,1,1,0,0,0,2,0,0,4,3,0,0,2,1,1,1,3,1,1,2,2,0,0,1,4,0,1,6,1,1,2,5,7,0,0,3,0,1,0,0,1,2,1,0,0,0,0,0,0,2,2,1,0,0,1,2,0,2,1,2,0,0,0,0,2,0,0,0,2,3,1,0,0,1,1,3,2,0,2,2,0,0,0,1,0,0,0,0,2,1,1,1,1,0,0,0,0,0,0,1,0,0,0,0,0,0,0,0,0,0,0,0,0,0,0,0,0,0,0,0,0,0,0,0,0,0,0,0,0,0,0,0
sed,3,5,2,4,0,10,0,3,0,3,2,9,4,2,0,1,2,5,4,4,0,1,7,3,2,5,3,4,5,0,3,2,5,3,1,7,0,4,1,2,3,4,7,4,5,4,2,2,2,2,4,3,4,2,3,4,7,3,4,1,1,5,6,0,3,7,3,3,3,6,2,3,1,3,1,5,5,1,4,0,3,4,1,6,3,0,13,2,7,2,1,4,3,4,6,3,6,4,3,0,0,0,0,0,2,7,2,5,3,4,5,1,1,2,2,7,2,2,3,4,3,4,5,5,3,4,2,3,3,5,1,3,1,1,9,7,4,3,2,2,2,4,3,3,1,3,1,1,3,0,6,1,6,0,2,0,0,0,0,0,0,0,0,0,0,0,0,0,0,0,0,0,0,0,0,0,0,0,0,0,0,0,0,0,0,0
egestas,0,0,1,1,0,2,0,1,1,0,0,0,0,0,0,1,2,1,8,1,0,0,2,1,0,0,1,1,0,0,0,0,1,1,0,0,2,0,0,1,1,1,2,0,4,1,2,3,0,1,1,1,0,0,0,0,0,0,0,2,0,1,3,1,0,0,4,0,0,0,0,0,0,0,0,0,0,0,1,1,1,1,2,2,0,0,3,2,0,2,1,0,0,1,2,4,1,0,0,0,0,0,0,2,0,0,2,0,1,0,0,0,0,1,2,2,0,1,0,1,1,1,1,2,0,2,0,0,2,1,2,2,1,1,0,0,1,0,1,1,2,1,1,1,1,0,0,0,0,0,2,3,0,0,0,0,0,0,0,0,0,0,0,0,0,0,0,0,0,0,0,0,0,0,0,0,0,0,0,0,1,0,0,0,0,0
eu,5,2,6,1,0,2,0,4,0,1,3,2,3,2,1,1,2,1,4,4,0,6,0,3,2,0,3,1,0,0,3,4,1,5,1,3,0,1,3,4,1,2,3,2,2,7,4,4,1,1,3,0,3,2,4,2,4,1,0,3,3,6,1,0,2,3,1,2,4,1,1,5,1,2,5,1,0,0,3,1,0,1,6,0,0,1,1,1,1,4,4,3,3,4,2,0,3,4,1,0,0,0,0,0,2,4,2,2,3,5,2,4,4,4,1,3,2,1,3,1,3,2,1,3,3,4,2,4,4,3,0,2,0,1,4,4,1,2,1,3,2,2,1,2,0,1,2,0,0,1,0,1,1,1,2,0,0,0,0,0,0,0,0,0,0,0,0,0,0,0,0,0,0,0,0,0,0,0,0,0,0,0,0,0,0,0
ut,5,0,3,2,0,2,0,1,0,4,5,2,1,1,5,0,4,1,3,4,1,2,4,5,1,3,3,2,1,0,4,2,1,7,4,3,0,6,4,3,6,2,3,4,3,4,3,4,5,5,2,2,2,2,3,8,0,5,3,6,4,3,2,2,3,4,2,1,5,5,1,1,0,3,5,1,3,2,4,2,0,2,4,3,1,4,3,1,6,6,2,10,5,2,1,1,1,4,4,0,0,0,0,1,1,3,0,1,3,3,1,5,2,2,1,4,4,3,5,3,4,9,0,3,2,4,3,8,2,2,3,1,2,0,5,6,3,4,0,4,3,3,3,3,0,1,1,4,2,4,3,0,5,1,4,0,0,0,0,0,0,0,0,0,0,0,0,0,0,0,0,0,0,0,0,0,0,0,0,0,0,0,0,0,0,0
nam,0,0,0,1,0,0,0,0,0,3,0,2,0,2,1,0,0,0,4,0,0,1,1,3,0,5,0,2,1,0,0,0,2,0,0,2,0,2,0,0,2,0,2,0,1,1,0,0,0,1,0,1,0,2,1,0,3,0,2,0,1,1,4,0,0,0,0,1,1,4,3,0,0,0,0,0,0,0,1,0,0,2,0,0,0,4,2,0,1,0,1,1,0,0,0,5,1,1,0,0,0,0,0,0,0,4,0,0,0,0,0,0,1,1,0,1,0,0,0,0,0,0,0,1,0,0,0,1,0,0,1,0,0,0,0,0,1,3,0,0,0,0,2,0,0,3,2,2,1,1,1,0,0,0,2,0,0,0,0,0,0,0,0,0,0,0,0,0,0,0,0,0,0,0,0,0,0,0,0,0,0,0,0,0,0,0
ligula,1,1,0,6,0,0,0,0,0,1,0,2,0,2,1,0,1,0,7,0,1,1,5,3,0,2,1,2,0,1,0,0,2,2,0,2,1,1,0,3,0,0,4,2,1,1,1,0,0,2,0,1,0,2,0,0,0,2,0,0,0,0,4,1,1,0,3,1,0,0,1,1,3,0,2,0,0,3,2,1,0,4,1,10,1,4,8,0,1,1,0,1,0,2,1,4,1,1,2,0,0,0,0,2,0,0,1,0,0,0,1,4,1,2,1,2,0,1,0,0,1,0,2,0,0,0,0,1,0,0,1,1,5,0,1,0,0,2,2,0,1,0,2,1,1,1,0,1,1,0,0,2,1,1,0,0,0,0,0,0,0,0,0,0,0,0,0,0,0,0,0,0,0,0,0,0,0,0,0,0,0,0,0,0,0,0
tellus,0,0,1,3,0,1,0,0,0,6,1,2,0,1,0,2,4,0,3,0,0,1,5,2,0,1,0,4,0,1,3,1,4,0,2,1,1,2,1,3,1,1,3,1,1,6,0,0,0,1,0,0,0,1,1,2,2,0,0,3,1,0,2,2,2,0,4,0,0,0,2,0,1,1,6,1,2,0,2,0,1,2,1,4,0,1,7,0,0,1,2,1,0,0,2,1,0,0,1,0,0,0,0,0,1,0,1,3,1,1,1,0,0,0,0,1,1,2,0,2,1,1,1,1,1,0,2,0,2,1,0,1,0,0,0,1,1,1,1,0,1,2,1,0,1,1,0,1,1,0,0,1,2,0,2,0,0,0,0,0,0,0,0,0,0,0,0,0,0,0,0,0,0,0,0,0,0,0,0,0,2,0,0,0,0,0
arcu,0,0,0,1,0,0,0,2,2,4,1,4,0,1,0,1,2,0,9,1,1,1,4,4,1,6,1,3,0,1,0,0,2,0,2,0,2,4,0,0,2,1,4,1,2,1,0,1,0,6,0,0,2,0,2,0,1,2,0,0,0,0,3,4,0,0,2,1,1,1,1,1,2,2,2,0,1,1,1,0,2,4,0,9,1,4,2,1,3,0,0,0,0,3,0,5,1,0,0,0,0,0,0,2,0,1,0,0,0,0,0,0,1,1,0,1,0,0,0,0,0,0,1,1,1,0,1,0,0,1,0,1,0,1,2,1,4,1,1,0,0,1,1,0,1,0,2,0,0,1,0,1,0,1,2,0,0,0,0,0,0,0,0,0,0,0,0,0,0,0,0,0,0,0,0,0,0,0,0,0,0,0,0,0,0,0
sagittis,1,0,0,1,0,0,0,0,0,2,1,1,3,0,0,1,2,3,1,0,3,0,4,3,0,1,1,1,0,0,0,0,2,0,0,0,1,0,1,4,0,1,1,0,3,1,1,0,0,2,0,1,0,0,0,1,0,0,0,0,0,0,1,1,0,1,0,0,2,1,0,4,1,0,1,0,0,0,2,1,0,0,2,2,1,3,1,1,3,3,0,0,3,0,1,1,0,0,1,0,0,0,0,0,0,0,1,0,0,0,4,0,2,0,1,3,4,0,0,1,0,1,0,0,0,2,1,0,2,0,0,1,1,0,3,0,1,1,1,2,4,1,1,2,0,1,1,0,1,1,0,1,1,1,0,0,0,0,0,0,0,0,0,0,0,0,0,0,0,0,0,0,0,0,0,0,0,0,0,0,1,0,0,0,0,0
odio,1,0,1,4,0,1,0,1,0,4,1,1,0,1,1,1,2,1,4,1,1,0,5,1,1,1,0,4,0,0,0,0,4,0,0,0,3,2,0,2,1,0,7,0,2,3,2,0,0,5,1,1,1,0,0,1,2,0,2,0,0,0,2,1,0,0,0,0,2,1,2,0,0,0,0,0,0,1,2,0,1,2,0,6,1,4,6,1,1,4,0,2,2,2,1,6,1,0,0,0,0,0,0,0,1,2,0,0,0,0,0,0,2,1,0,0,0,0,0,1,0,1,0,0,0,0,0,2,1,2,0,0,0,2,0,0,0,0,4,1,0,2,1,0,0,3,1,1,0,2,1,0,0,4,0,0,0,0,0,0,0,0,0,0,0,0,0,0,0,0,0,0,0,0,0,0,0,0,0,0,1,0,0,0,0,0
euismod,3,1,0,2,0,1,0,0,0,5,2,0,0,1,0,0,0,1,3,1,2,0,1,1,2,1,0,2,0,0,0,0,1,3,2,0,1,3,1,2,1,1,1,1,2,1,1,2,1,2,1,0,0,1,0,3,0,1,0,1,0,0,1,0,1,0,1,0,0,0,0,0,0,0,2,0,1,0,0,3,2,2,0,4,0,1,3,0,1,1,1,0,1,0,5,1,1,0,0,0,0,0,0,0,1,0,0,0,1,0,1,0,0,0,2,1,3,0,0,0,1,0,0,0,0,1,1,0,2,0,0,1,0,1,1,0,1,1,1,1,2,0,0,2,0,0,1,0,0,0,1,0,0,0,1,0,0,0,0,0,0,0,0,0,0,0,0,0,0,0,0,0,0,0,0,0,0,0,0,0,1,0,0,0,0,0
orci,0,0,1,5,0,1,0,0,0,3,1,0,1,1,0,0,0,0,4,0,0,1,3,2,0,1,0,2,0,2,0,0,2,1,21,1,1,9,0,1,1,0,3,1,2,1,1,0,1,4,1,0,1,0,0,0,0,0,1,0,2,0,2,2,1,0,2,20,0,1,2,0,1,5,0,2,0,0,1,0,2,4,1,5,1,3,7,2,0,0,3,1,0,1,0,3,4,0,1,0,0,0,0,2,2,0,1,0,4,1,0,0,0,1,0,0,1,2,1,1,0,0,0,0,0,2,0,0,0,1,0,0,0,1,0,0,0,0,1,0,1,3,0,0,1,1,2,1,0,0,2,0,0,0,2,0,0,0,0,0,0,0,0,0,0,0,0,0,0,0,0,0,0,0,0,0,0,0,0,0,0,0,0,0,0,0
vel,5,2,3,1,0,1,0,3,1,1,0,1,2,1,2,1,3,3,1,2,2,4,0,0,1,6,5,1,1,1,1,2,0,3,5,1,0,0,6,5,2,2,0,0,3,4,2,8,3,0,0,2,4,1,1,4,1,5,1,9,5,3,2,1,2,4,2,4,1,3,2,3,1,1,1,2,1,3,4,4,2,0,3,0,1,1,1,0,2,1,1,0,2,3,3,1,3,3,2,0,0,0,0,1,4,3,2,2,4,2,1,5,2,4,4,1,4,2,4,2,3,3,4,2,1,2,2,4,3,0,3,5,0,1,2,1,1,3,0,3,3,1,5,2,2,1,1,5,2,3,3,0,2,1,0,0,0,0,0,0,0,0,0,0,1,0,0,0,0,0,0,0,0,0,0,0,0,0,0,0,1,0,0,0,0,0
dictum,1,0,1,2,0,0,0,1,1,0,1,1,1,0,1,1,1,1,1,0,1,0,0,1,0,1,0,0,1,0,0,1,1,0,0,0,0,3,0,5,0,1,1,0,4,1,1,1,0,3,1,2,1,1,0,3,1,0,0,1,0,0,0,0,1,0,2,1,4,0,0,3,1,0,0,0,0,0,2,1,1,3,1,5,0,0,2,0,1,3,2,0,2,0,1,0,2,0,1,0,0,0,0,1,1,0,0,0,0,0,0,0,0,0,0,1,1,0,3,0,0,0,1,0,0,0,0,0,1,0,0,2,1,1,1,0,0,1,1,1,1,1,0,1,0,0,0,3,0,0,1,0,1,0,0,0,0,0,0,0,0,0,0,0,0,0,0,0,0,0,0,0,0,0,0,0,0,0,0,0,0,0,0,0,0,0
feugiat,2,1,3,1,0,1,0,0,1,7,0,0,0,2,1,1,1,0,1,1,2,0,2,0,2,1,1,1,0,0,0,1,2,1,0,0,1,3,1,0,1,0,2,0,3,0,0,3,1,1,0,1,1,0,0,1,1,0,1,0,0,1,0,1,1,0,1,0,0,0,1,2,0,1,0,0,0,1,1,1,0,0,0,1,0,0,3,0,1,2,1,0,1,0,1,0,2,0,1,0,0,0,0,0,0,1,1,0,0,1,0,0,0,1,0,3,1,1,0,1,0,0,0,0,0,0,0,0,1,0,0,2,1,0,1,0,0,2,0,0,1,1,0,2,0,1,2,0,0,0,1,1,0,1,0,0,0,0,0,0,0,0,0,0,0,0,0,0,0,0,0,0,0,0,0,0,0,0,0,0,0,0,0,0,0,0
vehicula,0,0,0,1,0,0,0,1,1,2,0,1,0,0,0,2,0,0,4,0,2,0,2,2,2,0,1,2,0,0,0,2,0,0,0,0,0,4,0,0,0,0,0,1,1,2,3,1,0,1,1,2,0,0,1,1,0,1,1,3,0,0,1,1,0,2,2,0,4,0,0,2,0,1,0,0,1,0,1,1,0,0,3,1,1,1,3,1,1,3,2,0,0,0,1,1,0,0,1,0,0,0,0,0,0,0,1,0,0,1,2,1,0,0,1,4,1,0,0,0,1,0,0,4,0,1,0,1,1,0,0,1,0,0,1,0,0,0,2,1,1,2,0,3,1,0,1,1,1,0,0,2,0,0,0,0,0,0,0,0,0,0,0,0,0,0,0,0,0,0,0,0,0,0,0,0,0,0,0,0,0,0,0,0,0,0
hac,0,0,0,0,0,0,0,0,0,0,0,0,0,0,0,0,0,0,0,0,0,0,0,0,0,0,0,0,0,0,0,0,0,0,0,0,0,0,0,0,0,0,0,0,0,0,0,0,0,0,0,0,0,0,0,0,0,0,0,0,0,0,0,0,0,0,0,0,0,0,0,0,0,0,0,0,0,0,0,0,0,0,0,0,0,0,0,0,0,0,0,0,0,0,0,0,0,0,0,0,16,0,0,0,0,0,0,0,0,0,0,0,0,0,0,0,0,0,0,0,0,0,0,0,0,0,0,0,0,0,0,0,0,0,0,0,0,0,0,0,0,0,0,0,0,0,0,0,0,0,0,0,0,0,0,0,0,0,0,0,0,0,0,0,0,0,0,0,0,0,0,0,0,0,0,0,0,0,0,0,0,0,0,0,0,0
habitasse,0,0,0,0,0,0,0,0,0,0,0,0,0,0,0,0,0,0,0,0,0,0,0,0,0,0,0,0,0,0,0,0,0,0,0,0,0,0,0,0,0,0,0,0,0,0,0,0,0,0,0,0,0,0,0,0,0,0,0,0,0,0,0,0,0,0,0,0,0,0,0,0,0,0,0,0,0,0,0,0,0,0,0,0,0,0,0,0,0,0,0,0,0,0,0,0,0,0,0,0,0,16,0,0,0,0,0,0,0,0,0,0,0,0,0,0,0,0,0,0,0,0,0,0,0,0,0,0,0,0,0,0,0,0,0,0,0,0,0,0,0,0,0,0,0,0,0,0,0,0,0,0,0,0,0,0,0,0,0,0,0,0,0,0,0,0,0,0,0,0,0,0,0,0,0,0,0,0,0,0,0,0,0,0,0,0
platea,0,0,0,0,0,0,0,0,0,0,0,0,0,0,0,0,0,0,0,0,0,0,0,0,0,0,0,0,0,0,0,0,0,0,0,0,0,0,0,0,0,0,0,0,0,0,0,0,0,0,0,0,0,0,0,0,0,0,0,0,0,0,0,0,0,0,0,0,0,0,0,0,0,0,0,0,0,0,0,0,0,0,0,0,0,0,0,0,0,0,0,0,0,0,0,0,0,0,0,0,0,0,16,0,0,0,0,0,0,0,0,0,0,0,0,0,0,0,0,0,0,0,0,0,0,0,0,0,0,0,0,0,0,0,0,0,0,0,0,0,0,0,0,0,0,0,0,0,0,0,0,0,0,0,0,0,0,0,0,0,0,0,0,0,0,0,0,0,0,0,0,0,0,0,0,0,0,0,0,0,0,0,0,0,0,0
dictumst,0,0,0,0,0,0,0,0,1,0,0,0,0,0,0,2,0,0,0,0,0,0,0,0,0,0,0,0,0,1,0,0,0,0,0,0,0,0,0,1,0,0,0,0,1,0,0,0,0,0,0,0,0,0,0,0,0,0,0,0,0,0,0,0,0,0,0,0,0,0,0,0,0,0,2,0,0,0,0,0,0,0,0,1,0,0,1,0,0,0,0,0,0,0,1,0,0,0,0,0,0,0,0,2,0,0,0,0,0,0,0,0,0,0,0,0,0,0,0,0,0,0,0,0,0,0,0,0,0,0,0,0,0,2,0,0,0,0,0,0,0,0,0,0,0,0,0,0,0,0,0,0,0,1,0,0,0,0,0,0,0,0,0,0,0,0,0,0,0,0,0,0,0,0,0,0,0,0,0,0,0,0,0,0,0,0
duis,0,0,0,1,0,3,0,1,0,2,0,2,0,0,3,0,0,0,1,0,1,1,3,3,1,1,0,3,0,0,0,0,2,0,0,2,0,3,0,0,0,0,4,0,2,0,0,0,1,2,0,0,0,1,0,0,1,0,1,0,1,2,1,0,0,0,0,1,0,1,2,0,0,0,0,0,3,0,0,0,0,3,0,2,1,1,3,0,0,0,0,0,0,1,0,2,1,1,2,0,0,0,0,0,1,2,0,0,1,0,1,1,1,0,0,0,0,2,1,0,0,3,0,3,3,2,0,0,1,0,0,0,0,0,0,2,1,0,0,0,1,1,0,1,0,0,0,2,0,1,2,0,2,0,0,0,0,0,0,0,0,0,0,0,0,0,0,0,0,0,0,0,0,0,0,0,0,0,0,0,0,0,0,0,0,0
porta,1,0,1,2,0,1,0,2,0,1,1,0,1,0,0,1,0,2,1,1,1,2,2,0,1,1,1,1,0,0,1,2,1,2,0,0,2,1,3,1,1,0,1,1,2,0,1,1,1,1,0,1,0,0,0,1,0,2,0,1,0,0,0,0,0,1,1,1,0,0,1,0,1,0,2,3,1,1,1,3,0,1,1,2,0,1,1,1,0,3,0,1,1,0,1,4,1,0,0,0,0,0,0,1,0,1,0,1,0,0,2,0,1,0,1,1,0,0,0,1,1,0,0,0,0,1,1,0,0,0,0,0,1,1,0,0,0,0,0,0,0,0,0,2,0,0,0,2,0,0,1,1,0,1,0,0,0,0,0,0,0,0,0,0,0,0,0,0,0,0,0,0,0,0,0,0,0,0,0,0,1,0,0,0,0,0
sodales,3,3,2,1,0,1,0,0,0,2,2,1,0,1,0,0,1,4,3,0,0,1,1,4,2,0,1,1,1,0,0,1,2,0,2,4,1,1,2,1,0,1,3,1,1,0,2,0,0,1,0,0,0,0,1,4,0,2,0,1,0,0,1,0,1,0,0,0,1,0,1,2,1,1,1,0,0,1,1,0,2,1,0,3,1,1,0,0,1,4,3,0,2,1,3,3,1,1,0,0,0,0,0,0,0,0,0,0,0,1,2,1,0,1,2,1,1,0,0,1,1,2,1,0,0,1,0,0,1,0,0,0,0,0,2,1,1,2,1,0,1,1,1,0,1,0,2,0,0,1,0,0,0,0,2,0,0,0,0,0,0,0,0,0,0,0,0,0,0,0,0,0,0,0,0,0,0,0,0,0,0,0,0,0,0,0
praesent,1,0,1,5,0,1,0,1,0,5,0,1,0,2,0,0,0,0,3,0,0,0,3,3,2,2,0,0,2,0,2,0,2,0,0,2,0,3,0,0,1,0,0,3,1,0,0,1,0,3,2,1,1,1,1,0,1,0,0,1,1,0,1,0,1,1,0,0,0,0,0,0,0,0,0,1,1,0,0,0,0,0,0,1,0,5,4,0,0,0,1,0,1,0,0,0,1,3,1,0,0,0,0,0,1,0,0,1,0,1,0,3,1,1,0,0,0,0,1,1,1,1,3,1,0,1,0,0,1,0,2,1,0,0,1,1,0,2,0,0,0,0,3,0,0,1,0,1,1,1,0,0,0,0,0,0,0,0,0,0,0,0,0,0,0,0,0,0,0,0,0,0,0,0,0,0,0,0,0,0,0,0,0,0,0,0
posuere,2,0,1,0,0,0,0,1,0,0,0,0,0,2,0,2,1,1,2,1,2,0,0,1,0,2,1,0,0,0,0,1,2,0,0,1,0,4,2,0,0,3,1,0,2,1,0,0,0,1,0,0,0,2,1,3,0,3,0,1,0,0,1,3,0,1,1,0,0,0,0,3,2,3,0,1,1,0,2,0,1,1,0,0,0,1,2,0,0,1,2,0,0,1,0,1,0,1,0,0,0,0,0,1,1,0,1,2,1,0,1,0,1,1,2,1,0,0,0,0,0,0,1,0,0,1,1,1,0,1,0,0,2,1,0,0,0,0,2,2,0,1,0,1,0,1,2,0,0,1,0,1,0,2,1,0,0,0,0,0,0,0,0,0,0,0,0,0,0,0,0,0,0,0,0,0,0,19,0,0,2,0,0,0,0,0
ullamcorper,1,2,0,0,0,1,0,1,0,3,1,1,2,0,0,1,1,0,2,0,2,2,2,0,0,0,2,2,0,0,1,1,0,1,0,1,1,1,1,3,1,1,0,0,2,3,3,2,1,1,1,1,2,0,0,1,0,1,0,0,0,0,1,4,0,0,3,1,0,0,1,1,2,0,0,2,1,0,3,0,0,1,1,1,1,3,1,1,2,3,0,0,4,1,0,0,0,0,1,0,0,0,0,0,0,0,1,1,0,1,0,1,0,1,1,0,1,0,0,1,1,1,0,1,0,0,1,0,1,1,2,0,1,1,0,0,0,0,0,1,0,0,1,2,0,0,1,1,0,0,0,0,1,0,1,0,0,0,0,0,0,0,0,0,0,0,0,0,0,0,0,0,0,0,0,0,0,0,0,0,0,0,0,0,0,0
accumsan,0,1,1,4,0,0,0,0,1,1,0,2,1,1,2,0,0,3,5,0,0,0,2,0,2,1,2,1,0,2,3,1,3,1,0,1,0,3,2,1,0,1,1,1,3,2,1,0,0,2,1,1,0,0,0,0,3,2,0,1,0,0,0,1,0,0,2,0,5,0,0,1,0,1,5,1,0,1,0,2,0,3,1,0,1,1,1,0,3,1,2,2,2,0,1,1,1,0,1,0,0,0,0,0,0,1,3,1,0,0,2,0,0,0,1,1,3,0,2,0,1,0,0,1,0,0,1,0,0,0,0,1,0,0,2,0,0,0,0,2,0,1,0,1,1,2,2,2,1,0,3,0,1,0,0,0,0,0,0,0,0,0,0,0,0,0,0,0,0,0,0,0,0,0,0,0,0,0,0,0,2,0,0,0,0,0
dui,0,0,0,1,0,1,0,1,1,3,0,1,1,0,0,2,1,1,5,3,0,2,1,8,0,2,0,2,1,2,0,0,1,0,0,0,2,5,1,3,2,1,3,0,1,2,2,1,1,6,0,0,0,0,0,1,1,0,0,2,1,0,5,1,0,0,2,0,0,0,1,0,1,3,1,0,1,0,3,1,0,5,1,4,0,3,6,1,0,1,1,2,1,0,3,1,0,0,0,0,0,0,0,1,0,0,0,0,0,1,0,2,1,1,0,0,1,1,1,0,2,0,0,0,1,0,1,0,0,1,0,1,3,0,1,0,0,1,2,0,0,1,1,0,1,0,0,2,0,0,0,0,0,0,0,0,0,0,0,0,0,0,0,0,0,0,0,0,0,0,0,0,0,0,0,0,0,0,0,0,0,0,0,0,0,0
commodo,0,1,1,1,0,1,0,3,0,0,1,0,1,2,1,2,1,2,1,0,0,2,0,2,2,1,3,2,1,1,0,0,2,1,1,1,2,3,2,2,0,3,1,0,1,0,1,2,0,0,0,0,2,1,0,2,0,2,0,1,0,0,1,0,0,0,1,0,1,0,2,1,0,2,1,0,0,1,0,1,1,4,0,0,1,0,0,0,1,1,0,0,1,0,2,2,1,1,1,0,0,0,0,1,0,2,1,0,0,2,0,0,1,0,2,0,2,0,1,0,1,0,0,1,2,0,1,1,0,0,0,1,1,0,2,0,1,1,0,1,0,0,1,1,0,0,1,0,0,1,2,0,1,1,0,0,0,0,0,0,0,0,0,0,0,0,0,0,0,0,0,0,0,0,0,0,0,0,0,0,1,0,0,0,0,0
imperdiet,0,0,3,2,0,0,0,1,1,2,0,1,3,1,0,2,2,1,2,0,1,1,0,1,2,0,0,1,0,3,0,1,1,0,0,1,0,3,1,1,2,1,0,1,1,4,0,4,0,3,0,2,1,0,0,0,0,2,0,3,1,0,2,1,0,0,1,0,5,1,1,2,0,1,2,0,1,1,0,1,0,1,2,3,1,2,1,0,0,1,0,1,2,1,1,0,0,1,0,0,0,0,0,0,0,1,0,1,0,0,2,0,1,0,4,1,0,0,1,0,1,4,0,0,0,0,0,0,0,0,0,1,1,0,1,1,1,0,0,2,0,0,0,0,0,0,1,0,0,0,0,1,0,1,1,0,0,0,0,0,0,0,0,0,0,0,0,0,0,0,0,0,0,0,0,0,0,0,0,0,1,0,0,0,0,0
hendrerit,2,1,0,2,0,0,0,0,1,0,1,0,2,0,0,1,1,0,2,2,3,0,1,3,3,0,1,1,0,1,2,3,0,0,0,0,3,1,2,1,0,0,1,1,1,2,1,2,1,2,0,1,0,0,0,2,0,0,1,3,1,1,1,0,0,0,1,0,1,0,0,0,1,1,1,1,0,1,1,1,0,0,1,3,0,1,2,1,4,0,1,0,2,2,1,0,2,0,0,0,0,0,0,1,0,0,2,0,0,0,1,0,0,0,2,2,1,0,0,1,2,0,0,0,0,2,0,0,0,1,1,2,0,0,2,0,0,1,0,1,3,0,0,0,0,0,0,0,0,0,0,2,0,0,0,0,0,0,0,0,0,0,0,0,0,0,0,0,0,0,0,0,0,0,0,0,0,0,0,0,0,0,0,0,0,0
lectus,0,1,0,5,0,1,0,1,2,3,0,2,0,0,0,2,2,0,2,1,0,0,3,2,0,2,0,5,0,0,0,1,4,0,1,0,1,5,0,2,0,0,2,1,4,1,1,0,2,5,2,2,0,0,1,0,1,0,1,1,0,0,2,1,1,2,4,0,3,0,1,0,0,0,2,1,1,0,2,0,1,3,0,5,1,4,2,1,0,0,2,0,0,0,0,4,0,0,0,0,0,0,0,3,0,1,2,0,1,2,0,0,0,0,0,2,0,0,2,1,1,1,1,1,1,3,2,1,0,2,1,0,3,0,0,1,1,3,2,0,1,0,0,1,0,0,0,0,2,1,0,1,1,3,0,0,0,0,0,0,0,0,0,0,0,0,0,0,0,0,0,0,0,0,0,0,0,0,0,0,0,0,0,0,0,0
est,0,0,1,2,0,0,0,1,0,2,3,0,2,0,2,1,0,0,3,4,0,1,3,2,0,2,1,0,0,1,1,1,0,1,0,1,4,2,1,1,0,0,1,1,3,1,1,0,0,3,0,0,1,0,2,2,2,0,0,2,2,1,5,1,3,1,2,1,0,2,1,0,1,0,0,1,2,3,3,0,2,4,0,3,0,2,5,3,1,0,1,0,0,2,1,3,0,1,0,0,0,0,0,4,0,0,0,0,0,2,0,0,2,0,1,0,0,1,1,1,0,1,0,0,0,0,0,0,3,3,0,0,1,1,0,1,0,0,3,1,1,2,1,0,0,2,0,1,0,0,2,2,1,1,1,0,0,0,0,0,0,0,0,0,0,0,0,0,0,0,0,0,0,0,0,0,0,0,0,0,3,0,0,0,0,0
diam,0,1,0,1,0,1,0,0,2,6,0,0,1,1,1,2,3,0,3,2,1,0,4,2,0,1,2,5,1,0,1,0,5,0,2,0,0,2,0,2,2,1,7,0,2,2,0,0,0,2,2,1,2,0,0,1,1,0,0,1,2,2,6,1,5,1,1,0,0,0,0,0,1,1,4,2,1,0,0,0,3,6,0,2,1,0,4,2,0,0,1,0,1,0,1,1,1,0,0,0,0,0,0,1,0,0,0,0,0,1,1,0,1,0,1,2,1,0,0,0,1,3,0,1,3,1,1,0,0,1,0,0,0,3,0,0,1,1,1,0,0,0,2,0,2,1,0,1,2,0,0,1,1,2,1,0,0,0,0,0,0,0,0,0,1,0,0,0,0,0,0,0,0,0,0,0,0,0,0,0,0,0,0,0,0,0
vulputate,0,1,2,2,0,0,0,0,1,2,0,1,1,0,2,0,0,1,0,0,3,1,0,1,0,1,0,1,0,0,0,2,2,0,0,1,1,0,1,4,0,0,1,0,1,3,0,0,0,3,0,0,0,0,1,3,0,1,0,0,0,3,0,0,0,0,2,1,0,1,0,0,0,0,1,1,0,0,1,2,1,2,2,2,0,4,1,0,1,1,2,1,0,1,1,0,1,0,1,0,0,0,0,2,0,0,4,1,2,1,2,3,2,0,1,2,1,0,3,0,2,0,0,2,1,1,2,0,0,0,0,0,1,0,0,0,0,0,0,0,2,0,1,2,1,0,0,0,0,0,1,1,0,0,0,0,0,0,0,0,0,0,0,0,0,0,0,0,0,0,0,0,0,0,0,0,0,0,0,0,1,0,0,0,0,0
suscipit,1,0,1,1,0,0,0,0,1,1,1,1,3,3,0,0,2,1,1,0,1,0,1,0,1,0,1,1,0,1,1,1,0,2,0,0,0,2,0,2,0,1,4,0,3,1,0,1,0,0,0,3,1,2,0,4,0,1,0,1,0,0,2,0,0,0,1,1,2,0,0,0,0,1,2,1,1,0,1,2,1,0,1,2,0,0,2,2,0,0,2,0,1,1,1,1,0,0,0,0,0,0,0,0,1,0,0,1,0,0,0,0,0,2,0,0,1,0,0,0,1,1,1,0,1,0,1,0,1,0,0,0,1,2,0,1,0,0,0,3,2,0,1,2,1,0,4,0,1,0,1,1,2,1,0,0,0,0,0,0,0,0,0,0,2,0,0,0,0,0,0,0,0,0,0,0,0,0,0,0,0,0,0,0,0,0
laoreet,1,1,1,1,0,0,0,0,0,0,1,0,1,0,0,0,0,3,1,1,1,1,0,1,0,0,0,2,0,1,1,2,2,0,0,0,1,0,1,1,0,3,0,2,2,5,0,1,0,0,0,1,0,0,0,2,0,3,0,2,1,0,2,0,0,0,1,1,0,0,0,2,0,3,2,2,0,0,1,0,1,0,2,1,1,1,1,0,3,1,2,0,1,0,1,2,0,0,0,0,0,0,0,1,0,1,0,0,1,1,1,0,0,0,1,3,3,0,1,0,1,1,2,0,1,2,0,0,0,0,0,1,0,0,0,0,0,0,0,2,0,2,0,1,0,2,1,0,1,1,2,0,0,1,0,0,0,0,0,0,0,0,0,0,0,0,0,0,0,0,0,0,0,0,0,0,0,0,0,0,1,0,0,0,0,0
sem,0,0,0,6,0,1,0,1,2,3,0,0,0,1,1,4,4,1,3,2,0,3,5,6,0,1,1,4,1,1,0,2,1,0,1,1,0,3,1,2,0,0,7,0,1,2,0,2,3,5,3,0,0,1,0,1,0,0,0,1,0,2,5,0,0,1,1,0,1,1,0,2,3,0,0,1,1,1,2,0,3,1,0,7,2,1,6,4,2,1,0,1,0,1,1,5,0,0,0,0,0,0,0,1,3,1,0,0,0,1,0,0,1,0,2,0,0,1,0,0,1,3,1,3,0,2,1,0,0,1,0,2,2,1,1,1,1,1,0,1,0,0,0,0,1,1,0,0,0,1,0,0,4,0,0,0,0,0,0,0,0,0,0,0,0,0,0,0,0,0,0,0,0,0,0,0,0,0,0,0,2,0,0,0,0,0
rhoncus,0,0,0,1,0,1,0,2,1,0,0,1,2,2,0,2,0,2,1,1,2,1,2,0,3,1,0,0,2,2,0,3,1,0,1,0,1,1,2,1,0,2,2,0,4,3,1,1,0,0,1,2,0,1,1,0,0,2,0,5,1,0,2,1,0,1,2,0,0,0,1,0,0,2,0,0,1,0,1,2,0,1,1,4,1,1,4,0,3,1,1,0,0,2,1,2,1,0,0,0,0,0,0,0,1,1,0,0,0,1,3,2,0,1,3,1,0,1,1,1,2,1,0,0,0,1,1,0,0,0,2,0,0,1,0,0,1,2,1,2,4,1,1,1,0,0,2,1,0,0,1,0,0,1,0,0,0,0,0,0,0,0,0,0,0,0,0,0,0,0,0,0,0,0,0,0,0,0,0,0,0,0,0,0,0,0
lobortis,1,3,1,1,0,0,0,2,0,2,3,0,1,3,1,1,1,2,1,0,1,2,1,0,1,1,1,1,1,0,0,0,1,0,2,0,0,0,1,2,1,2,3,1,0,2,1,3,0,1,1,0,0,0,0,2,0,3,0,0,0,1,0,4,0,0,0,0,1,0,0,0,0,0,1,0,0,0,1,0,0,0,2,2,0,1,0,2,2,2,1,0,2,1,2,1,0,0,0,0,0,0,0,0,1,0,0,0,0,0,1,0,1,1,1,2,1,0,1,0,1,0,1,0,0,3,0,0,0,0,0,0,0,1,0,0,1,2,1,3,2,1,0,3,0,0,1,0,0,0,0,2,0,0,1,0,0,0,0,0,0,0,0,0,0,0,0,0,0,0,0,0,0,0,0,0,0,0,0,0,0,0,0,0,0,0
bibendum,2,3,0,1,0,1,0,2,1,0,0,0,1,0,1,0,1,2,0,0,2,1,1,2,1,0,2,0,0,0,0,2,0,0,2,1,0,2,2,2,1,1,1,0,0,4,1,3,1,3,0,4,1,0,0,1,2,1,0,0,1,1,1,1,1,1,0,0,2,0,1,1,0,2,2,0,0,0,0,0,0,1,0,2,0,1,3,1,3,0,2,1,0,1,1,7,0,1,1,0,0,0,0,0,0,1,1,1,0,1,2,1,1,0,0,1,0,1,0,0,0,0,0,1,2,1,1,0,0,0,0,3,0,0,0,0,1,0,0,0,1,1,1,1,0,0,0,0,0,0,0,0,0,0,0,0,0,0,0,0,0,0,0,0,0,0,0,0,0,0,0,0,0,0,0,0,0,0,0,0,1,0,0,0,0,0
maximus,2,1,1,0,0,0,0,2,0,0,0,0,1,1,0,0,1,4,3,0,1,1,3,2,0,0,1,1,0,0,0,1,2,1,0,0,1,0,3,3,1,3,0,1,1,3,1,2,1,0,0,1,0,1,0,3,1,1,0,1,1,1,3,0,1,1,0,1,2,0,1,2,0,1,0,0,0,0,1,1,1,2,1,2,0,1,2,2,2,1,2,0,0,0,2,1,0,1,0,0,0,0,0,0,0,0,0,0,1,0,2,0,2,1,1,4,1,0,0,0,1,0,2,0,1,2,0,1,1,0,0,0,0,0,0,1,0,0,1,0,1,0,0,1,0,2,2,1,1,0,1,1,2,0,0,0,0,0,0,0,0,0,0,0,0,0,0,0,0,0,0,0,0,0,0,0,0,0,0,0,0,0,0,0,0,0
massa,1,2,0,8,0,0,0,0,2,4,0,0,1,0,1,0,4,1,3,0,1,1,2,5,1,0,1,3,0,1,2,1,2,0,0,1,0,4,0,2,1,1,1,1,1,1,0,1,1,0,1,0,0,1,1,0,2,2,1,0,0,0,5,1,0,0,3,0,0,2,0,0,2,0,1,1,0,1,0,0,1,3,3,9,1,2,2,0,1,0,0,1,1,1,0,0,0,0,2,0,0,0,0,1,1,0,2,0,1,1,0,1,0,2,0,0,2,1,1,0,1,0,0,1,1,1,1,0,0,1,1,0,2,3,0,0,0,0,1,1,0,0,1,1,1,3,1,3,1,0,1,0,0,1,1,0,0,0,0,0,0,0,0,0,0,0,0,0,0,0,0,0,0,0,0,0,0,0,0,0,1,0,0,0,0,0
condimentum,0,1,2,1,0,1,0,2,1,0,1,1,0,0,0,0,1,1,3,1,2,0,2,1,1,1,3,1,0,0,2,0,0,2,0,0,0,2,1,2,0,1,1,0,0,5,0,1,2,2,1,0,2,0,0,0,1,0,0,0,0,2,2,0,1,0,1,0,2,0,0,1,0,1,0,3,1,1,1,1,1,2,0,3,0,1,1,1,1,2,1,0,0,1,2,2,1,1,0,0,0,0,0,1,0,0,0,0,0,1,1,0,0,0,1,1,0,2,1,1,2,1,0,0,0,3,0,2,1,2,0,2,0,0,0,1,0,0,0,1,1,0,1,0,1,0,1,0,0,0,1,0,0,2,0,0,0,0,0,0,0,0,0,0,0,0,0,0,0,0,0,0,0,0,0,0,0,0,0,0,0,0,0,0,0,0
fringilla,2,3,3,1,0,0,0,5,0,1,3,1,1,0,0,0,1,0,1,0,1,1,0,1,0,1,2,3,0,0,1,3,2,0,0,0,0,3,1,3,0,3,2,1,4,0,2,0,3,0,1,0,0,0,0,1,0,0,1,2,0,0,0,0,0,2,2,2,1,0,0,1,0,2,2,0,0,0,0,2,0,1,2,2,0,0,2,1,0,1,2,1,1,0,2,2,0,0,0,0,0,0,0,0,0,0,0,1,0,1,1,1,0,0,0,0,2,1,0,0,1,2,2,1,0,0,1,0,1,0,1,3,0,0,0,0,0,1,1,0,3,0,0,1,0,0,1,0,0,0,0,0,0,1,0,0,0,0,0,0,0,0,0,0,1,0,0,0,0,0,0,0,0,0,0,0,0,0,0,0,0,0,0,0,0,0
sollicitudin,1,0,2,3,0,0,0,1,2,1,0,1,2,1,0,2,0,2,2,0,3,1,2,3,2,1,0,0,0,1,0,0,1,1,0,0,0,1,1,2,1,0,1,0,2,1,1,2,1,0,2,3,1,0,1,0,0,1,0,2,0,1,2,1,1,0,0,1,1,0,0,2,1,1,0,0,1,1,1,0,2,1,1,1,2,1,2,0,0,3,0,1,0,1,0,1,1,1,0,0,0,0,0,1,1,1,0,0,0,1,0,0,1,0,0,0,1,2,1,0,0,2,0,0,0,0,1,2,0,1,2,2,0,0,0,0,1,0,0,1,2,0,0,3,1,0,0,1,2,0,0,0,0,0,0,0,0,0,0,0,0,0,0,0,0,0,0,0,0,0,0,0,0,0,0,0,0,0,0,0,3,0,0,0,0,0
cursus,4,2,2,3,0,0,0,0,3,2,0,2,0,0,0,0,0,1,1,0,0,0,2,0,1,3,0,0,0,2,0,1,1,0,3,1,0,1,0,2,0,1,0,0,1,3,3,4,0,1,0,0,1,1,0,0,0,0,1,2,2,0,0,0,0,0,0,1,1,1,0,3,2,1,0,0,0,0,1,1,1,1,2,3,0,1,2,0,1,1,1,1,3,0,0,1,1,0,0,0,0,0,0,0,1,0,0,2,1,0,0,0,1,0,1,0,1,0,1,1,0,0,1,0,2,2,0,0,0,2,0,1,0,0,1,0,0,2,1,3,0,0,0,3,0,0,4,1,1,0,1,0,0,0,1,0,0,0,0,0,0,0,0,0,0,0,0,0,0,0,0,0,0,0,0,0,0,0,0,0,0,0,0,0,0,0
dapibus,0,2,0,0,0,0,0,0,0,4,2,0,1,0,0,1,1,4,2,0,1,2,0,0,1,1,1,1,1,0,1,3,0,0,0,1,0,3,0,2,0,1,2,0,2,1,0,0,0,1,1,2,0,0,0,0,0,0,1,1,0,1,1,0,0,1,0,0,2,1,0,3,1,1,0,0,0,0,0,0,0,0,0,2,0,0,1,0,3,3,0,1,1,0,0,2,0,0,0,0,0,0,0,0,0,2,2,0,2,0,0,0,0,0,1,0,1,0,1,1,4,1,0,0,1,0,1,0,0,1,0,2,0,1,0,1,1,0,0,2,2,1,0,1,1,1,2,1,0,0,1,1,0,1,0,0,0,0,0,0,0,0,0,0,0,0,0,0,0,0,0,0,0,0,0,0,0,0,0,0,0,0,0,0,0,0
sapien,1,1,0,5,0,0,0,2,0,7,0,1,0,0,1,0,0,2,7,1,0,0,4,7,0,1,0,5,1,3,0,1,4,0,0,1,0,5,1,2,1,0,2,1,2,3,0,0,0,5,0,0,0,1,1,1,3,2,1,0,0,1,3,1,1,1,2,0,0,0,0,1,1,0,1,0,0,1,1,1,0,4,0,7,0,2,6,1,0,0,1,0,0,0,1,4,0,0,1,0,0,0,0,1,1,0,1,1,1,2,0,0,1,0,1,0,1,1,0,0,1,0,1,0,0,0,0,1,0,0,1,0,0,3,1,2,0,0,2,1,0,0,1,0,2,1,0,0,2,0,0,0,2,1,0,0,0,0,0,0,0,0,0,0,0,0,0,0,0,0,0,0,0,0,0,0,0,0,0,0,1,0,0,0,0,0
nullam,0,0,0,2,0,1,0,0,0,1,0,0,0,0,0,0,2,0,2,2,1,0,3,0,0,3,0,3,3,0,2,0,1,0,1,1,0,6,0,0,1,2,1,1,0,0,0,1,1,4,1,1,0,0,1,1,0,0,0,0,1,2,3,0,1,1,0,1,0,0,1,0,0,0,0,0,0,2,2,1,0,1,1,0,0,1,0,0,1,1,1,0,1,0,0,0,1,3,0,0,0,0,0,0,1,0,0,0,0,0,0,0,0,1,0,0,0,3,0,2,0,3,0,1,0,2,1,0,0,0,0,0,0,0,1,0,1,2,0,0,0,0,2,1,0,2,0,0,1,0,1,0,2,0,2,0,0,0,0,0,0,0,0,0,0,0,0,0,0,0,0,0,0,0,0,0,0,0,0,0,0,0,0,0,0,0
integer,0,1,0,1,0,1,0,0,0,1,1,1,0,1,1,0,1,3,3,0,0,0,7,4,1,2,0,3,2,0,0,1,0,0,2,0,0,3,0,0,2,0,3,2,0,0,0,0,1,3,2,1,1,2,1,1,0,0,0,0,2,0,2,0,1,0,0,2,0,1,3,0,0,0,3,1,1,2,3,0,0,2,1,0,1,3,0,0,0,0,0,0,0,0,1,2,1,1,2,0,0,0,0,0,0,1,0,1,1,1,0,0,0,0,0,1,0,1,0,0,0,3,1,3,3,0,0,1,1,4,1,0,0,0,2,0,2,1,0,2,0,1,0,0,0,0,0,2,0,2,1,0,0,0,1,0,0,0,0,0,0,0,0,0,0,0,0,0,0,0,0,0,0,0,0,0,0,0,0,0,0,0,0,0,0,0
semper,1,1,1,2,0,1,0,2,1,5,2,1,2,0,0,0,0,2,1,1,0,2,2,1,1,1,2,1,1,0,0,1,1,1,0,0,0,2,4,2,0,0,1,2,0,1,1,3,0,2,0,3,1,0,0,0,1,0,1,4,0,1,0,0,0,1,0,0,0,0,0,3,0,2,2,1,0,0,1,1,2,2,2,1,0,3,4,0,1,3,1,1,2,0,2,0,0,1,0,0,0,0,0,2,0,0,0,0,0,0,2,0,0,0,1,2,2,1,0,0,1,2,0,0,0,2,1,1,0,0,0,0,0,1,2,2,0,1,0,2,2,1,1,3,0,3,1,0,1,1,0,0,0,1,1,0,0,0,0,0,0,0,0,0,0,0,0,0,0,0,0,0,0,0,0,0,0,0,0,0,0,0,0,0,0,0
fermentum,3,2,1,1,0,1,0,1,0,1,1,2,3,1,0,1,1,2,2,1,2,0,3,1,0,0,3,1,1,0,1,3,0,0,1,1,0,1,0,1,0,1,1,0,1,3,1,0,0,0,1,1,0,0,0,0,0,0,0,0,1,0,2,1,0,0,2,2,0,0,1,1,0,1,2,0,0,0,0,1,1,0,3,2,1,1,2,0,1,2,0,1,1,0,0,0,0,1,0,0,0,0,0,1,0,2,1,0,0,0,1,0,0,1,1,1,3,0,0,0,1,1,0,0,1,2,0,0,1,1,0,1,1,0,1,0,0,1,0,1,0,0,0,0,2,0,1,1,0,0,0,0,0,1,1,0,0,0,0,0,0,0,0,0,0,0,0,0,0,0,0,0,0,0,0,0,0,0,0,0,1,0,0,0,0,0
blandit,2,0,2,1,0,0,0,1,0,3,3,0,1,0,1,0,0,0,1,0,0,0,3,2,3,0,1,1,0,0,2,0,0,0,0,1,0,1,2,2,1,3,2,1,2,4,1,1,0,0,1,1,0,1,0,3,0,1,0,2,0,3,0,0,0,1,2,0,0,0,0,1,0,1,0,0,0,1,0,0,0,1,2,2,0,3,1,0,1,2,1,1,2,0,2,2,2,1,1,0,0,0,0,1,1,0,1,0,1,1,6,0,2,0,2,1,0,0,0,0,0,1,0,0,0,0,0,0,1,0,0,2,1,0,1,1,1,2,1,0,0,0,1,1,2,1,2,0,0,0,1,0,0,0,0,0,0,0,0,0,0,0,0,0,0,0,0,0,0,0,0,0,0,0,0,0,0,0,0,0,0,0,0,0,0,0
venenatis,2,1,0,1,0,1,0,1,0,1,0,0,1,1,1,0,1,2,3,1,1,0,0,0,1,0,2,2,0,1,0,0,1,1,0,0,0,0,3,3,0,1,2,1,0,2,0,1,1,0,0,1,0,2,0,5,1,4,0,0,0,0,1,2,0,0,0,3,1,0,2,2,0,1,2,1,0,0,0,0,2,4,4,1,0,0,3,2,0,3,3,0,3,0,2,2,1,0,1,0,0,0,0,0,2,0,1,1,0,0,1,1,0,1,1,1,1,0,0,0,1,1,0,1,0,0,0,0,1,0,0,5,0,3,0,0,0,3,0,4,0,0,0,2,1,1,1,0,1,0,0,0,0,0,0,0,0,0,0,0,0,0,0,0,0,0,0,0,0,0,0,0,0,0,0,0,0,0,0,0,1,0,0,0,0,0
cras,0,0,2,7,0,1,0,0,0,5,0,0,0,0,0,0,3,0,1,0,0,0,1,1,0,1,0,4,0,0,1,0,3,0,0,1,0,5,1,1,0,0,3,0,0,0,0,1,0,4,1,2,1,0,1,0,1,0,0,0,0,1,4,0,1,1,0,1,0,3,1,1,0,1,0,0,2,1,0,0,0,4,0,1,0,4,3,0,0,0,0,0,0,0,1,0,0,0,1,0,0,0,0,0,1,0,0,1,0,0,0,0,2,1,0,1,0,0,2,1,0,0,3,1,0,0,1,0,0,0,1,0,0,0,3,0,2,1,0,0,0,0,1,0,0,2,0,1,3,0,2,0,0,0,0,0,0,0,0,0,0,0,0,0,0,0,0,0,0,0,0,0,0,0,0,0,0,0,0,0,0,0,0,0,0,0
nisi,0,0,0,5,0,2,0,0,3,4,0,0,1,0,1,0,3,1,4,1,1,1,8,4,1,3,0,5,0,1,2,1,1,0,0,0,1,2,0,3,0,0,1,0,2,1,0,0,1,2,2,0,0,1,0,0,0,0,1,0,0,1,1,3,1,2,1,1,0,0,0,1,5,1,3,0,0,2,2,0,1,2,1,5,0,3,5,1,0,0,1,0,0,2,0,4,0,0,0,0,0,0,0,1,1,0,0,0,0,1,0,0,0,2,1,1,2,1,0,0,0,0,1,0,1,0,0,2,3,0,0,1,1,2,0,0,1,1,0,0,1,0,0,0,0,1,0,1,1,0,2,2,1,1,1,0,0,0,0,0,0,0,0,0,1,0,0,0,0,0,0,0,0,0,0,0,0,0,0,0,0,0,0,0,0,0
felis,0,1,0,1,0,0,0,0,1,2,1,0,0,0,0,3,5,2,9,0,1,1,1,3,0,2,0,1,0,2,1,0,4,0,1,0,1,3,1,4,2,1,3,0,5,2,1,0,1,2,1,1,0,1,0,1,1,1,0,0,0,0,1,4,0,0,6,2,0,2,1,1,3,0,4,0,0,1,1,0,0,2,0,2,0,3,9,0,1,0,1,1,0,0,0,7,0,1,0,0,0,0,0,0,2,2,1,1,0,1,0,0,1,2,0,0,0,0,3,1,0,1,0,0,0,0,1,3,0,0,2,0,0,4,0,0,0,0,3,0,1,0,0,0,1,0,0,1,1,1,0,1,1,1,3,0,0,0,0,0,0,0,0,0,0,0,0,0,0,0,0,0,0,0,0,0,0,0,0,0,3,0,0,0,0,0
ornare,0,2,4,3,0,0,0,0,1,1,0,0,2,1,0,2,3,0,2,0,2,0,0,2,0,0,1,2,0,1,1,1,0,1,1,1,2,0,0,6,1,0,2,0,3,2,1,4,0,1,0,3,0,0,0,1,0,2,0,1,1,0,0,0,0,0,1,1,1,1,1,1,1,2,2,0,0,1,0,3,0,0,2,2,0,3,1,1,0,1,0,1,1,2,0,0,0,1,0,0,0,0,0,0,0,1,0,0,1,0,2,0,1,0,1,1,1,0,1,0,2,0,0,0,1,1,0,0,0,0,0,2,0,1,0,0,1,0,1,0,0,1,1,0,0,1,2,0,0,1,0,2,0,0,1,0,0,0,0,0,0,0,0,0,0,0,0,0,0,0,0,0,0,0,0,0,0,0,0,0,2,0,0,0,0,0
viverra,1,0,0,3,0,0,0,3,1,0,0,1,0,0,0,1,1,1,2,0,1,0,2,3,0,0,0,1,0,1,1,0,1,2,0,0,0,2,1,4,1,1,3,0,2,2,1,0,2,0,0,1,0,1,0,2,0,1,0,2,1,2,0,1,0,1,2,0,2,2,1,1,0,1,2,2,1,0,1,2,0,2,1,1,0,1,4,1,0,0,0,0,3,0,2,1,1,0,2,0,0,0,0,1,0,0,1,1,0,2,1,0,0,1,3,1,3,0,0,0,0,0,0,0,0,3,0,0,1,0,1,0,0,0,0,0,1,0,0,1,0,0,1,4,0,0,0,0,2,1,0,0,0,0,0,0,0,0,0,0,0,0,0,0,0,0,0,0,0,0,0,0,0,0,0,0,0,0,0,0,2,0,0,0,0,0
neque,0,1,2,4,0,1,0,0,2,2,0,0,1,0,1,2,7,0,7,2,0,0,6,2,0,0,1,5,2,0,0,0,2,1,2,1,2,3,1,1,0,1,3,0,1,3,0,2,1,2,0,0,0,4,0,0,0,0,0,0,0,0,5,2,1,0,1,0,0,2,2,0,1,1,6,1,0,0,2,1,2,8,0,6,1,8,4,2,0,2,1,1,0,0,3,7,2,0,1,0,0,0,0,0,0,1,2,0,1,1,1,0,1,1,1,0,0,4,0,4,0,0,1,1,0,3,0,1,0,0,0,0,2,1,1,0,0,0,2,2,0,0,1,1,1,0,0,0,0,2,2,0,0,3,0,0,0,0,0,0,0,0,0,0,1,0,0,0,0,0,0,0,0,0,0,0,0,0,0,0,1,0,0,0,0,0
aenean,0,0,0,3,0,3,0,0,0,2,1,0,1,1,0,0,0,0,1,1,0,0,4,3,0,0,0,2,0,0,0,0,2,0,2,2,0,0,1,1,1,1,2,1,0,1,1,0,1,6,0,0,2,1,2,0,1,1,0,0,1,1,3,0,1,0,0,0,0,2,0,0,0,0,2,1,0,1,0,0,0,1,1,0,1,1,2,0,1,1,0,0,0,0,0,1,0,0,1,0,0,0,0,0,0,1,0,0,0,0,0,1,0,3,0,0,0,0,1,1,1,0,0,1,1,0,1,1,2,0,0,0,0,0,3,0,1,0,0,0,0,2,0,0,0,0,0,1,0,1,1,0,2,0,1,0,0,0,0,0,0,0,0,0,0,0,0,0,0,0,0,0,0,0,0,0,0,0,0,0,0,0,0,0,0,0
gravida,0,1,2,2,0,0,0,2,0,0,0,0,1,5,1,2,1,0,2,0,0,0,0,0,2,0,0,2,0,1,1,2,1,0,2,2,1,1,0,0,0,2,0,0,3,0,0,1,0,0,0,0,1,0,2,0,1,1,0,1,1,1,0,0,0,0,1,1,0,0,0,3,2,5,0,0,1,1,2,0,2,1,2,3,0,1,1,0,1,1,1,0,1,0,1,2,0,0,1,0,0,0,0,1,0,0,0,1,1,0,1,1,0,0,1,3,0,0,1,1,2,0,0,0,0,3,0,0,1,1,1,0,0,2,0,1,0,0,0,3,2,1,0,1,2,0,0,1,0,2,0,0,1,1,0,0,0,0,0,0,0,0,0,0,0,0,0,0,0,0,0,0,0,0,0,0,0,0,0,0,2,0,0,0,0,0
velit,3,1,0,3,0,1,0,2,0,5,0,2,0,0,0,2,0,0,6,0,1,1,2,3,1,1,2,4,2,0,1,0,3,0,1,0,0,5,0,1,0,0,5,0,0,1,1,1,1,4,0,0,0,1,0,2,1,0,0,2,2,0,2,3,0,0,3,1,0,1,0,1,3,1,2,1,2,1,2,2,1,5,0,3,0,4,4,1,1,1,1,2,0,1,0,6,1,2,0,0,0,0,0,0,0,1,0,0,0,0,0,0,1,0,0,1,0,0,0,0,1,1,0,0,0,0,0,0,0,0,1,0,0,1,0,0,1,1,1,0,0,0,1,1,1,1,0,0,2,0,1,0,1,2,1,0,0,0,0,0,0,0,0,0,0,0,0,0,0,0,0,0,0,0,0,0,0,0,0,0,0,0,0,0,0,0
pharetra,3,3,2,4,0,0,0,1,0,1,1,1,2,1,0,0,1,4,0,0,1,0,1,0,4,0,1,2,0,0,0,0,0,0,0,0,1,0,2,1,2,2,1,0,1,1,0,2,1,1,1,0,0,0,1,3,0,3,0,2,0,0,1,0,1,2,1,1,3,1,1,1,1,0,0,0,0,0,2,0,0,3,1,2,0,2,1,0,0,1,1,1,2,0,2,2,0,0,1,0,0,0,0,0,0,0,0,2,0,0,1,0,1,0,0,1,0,0,0,1,1,0,0,0,2,0,0,0,1,1,1,2,1,0,0,0,1,0,0,1,1,0,0,2,2,1,1,1,2,0,0,1,0,1,1,0,0,0,0,0,0,0,0,0,1,0,0,0,0,0,0,0,0,0,0,0,0,0,0,0,0,0,0,0,0,0
malesuada,1,1,2,1,0,0,0,0,0,0,1,1,0,0,0,0,1,1,4,0,2,0,1,1,1,1,1,2,2,0,0,1,1,1,0,0,0,0,1,5,2,2,0,1,2,2,3,1,0,0,0,1,0,0,1,2,0,1,0,1,2,0,2,0,0,0,1,0,0,0,0,0,0,0,0,1,1,0,2,0,0,1,1,1,0,2,2,3,3,3,0,0,1,0,1,2,0,0,2,0,0,0,0,1,1,1,1,2,1,0,1,0,0,2,0,0,2,1,0,0,2,0,2,1,1,0,1,0,1,0,2,0,1,1,0,0,1,1,0,2,1,0,0,3,0,0,0,0,1,0,2,1,0,1,2,0,0,0,0,0,0,0,0,0,0,0,0,0,0,0,0,0,0,0,0,0,0,0,0,0,0,0,41,0,0,0
pretium,0,1,1,1,0,0,0,2,0,1,1,1,1,0,0,0,3,0,2,0,1,0,4,2,2,0,0,2,0,0,0,2,0,1,1,0,1,0,1,2,0,1,1,0,2,0,2,1,0,1,1,1,1,0,0,2,0,0,0,2,1,0,1,1,0,0,0,0,1,1,1,1,0,0,0,0,1,0,1,0,2,1,1,2,0,3,3,1,0,1,0,0,2,0,0,1,0,0,0,0,0,0,0,0,0,0,0,1,0,0,0,1,1,0,0,1,0,0,0,0,1,0,0,0,0,0,1,0,0,1,0,1,0,0,1,0,0,2,1,3,2,1,0,2,0,0,3,1,1,1,0,1,0,0,1,0,0,0,0,0,0,0,0,0,0,0,0,0,0,0,0,0,0,0,0,0,0,0,0,0,1,0,0,0,0,0
rutrum,2,2,0,2,0,2,0,2,0,0,1,0,3,0,2,2,2,3,3,0,1,0,0,0,0,1,1,0,1,0,0,0,3,0,0,0,0,1,0,3,1,2,0,2,1,0,3,3,1,1,0,0,1,1,1,2,2,1,2,1,0,0,2,1,0,1,2,0,3,1,0,0,0,1,1,1,0,0,0,1,0,0,2,1,0,2,1,1,1,0,1,0,4,0,2,1,0,0,0,0,0,0,0,2,0,0,0,0,1,0,0,0,0,0,2,0,0,0,0,2,3,0,1,0,0,4,0,0,0,1,1,1,1,0,0,0,0,0,0,2,2,1,0,1,0,0,1,0,0,1,2,0,1,2,0,0,0,0,0,0,0,0,0,0,0,0,0,0,0,0,0,0,0,0,0,0,0,0,0,0,0,0,0,0,0,0
morbi,0,0,1,1,0,0,0,0,0,3,2,0,0,0,1,0,2,1,2,1,0,1,2,3,0,2,0,0,0,0,0,1,2,1,2,0,0,5,0,0,0,0,6,1,1,1,1,0,0,2,2,0,0,19,0,2,1,0,0,0,1,0,5,0,0,0,0,1,1,0,1,0,0,1,1,0,1,0,2,0,0,1,0,3,2,3,1,0,0,0,1,0,0,0,1,1,0,2,0,0,0,0,0,0,2,0,0,2,0,1,0,1,0,0,0,1,0,0,0,0,0,1,1,2,0,0,0,0,1,1,0,0,0,0,3,1,1,1,0,0,0,0,1,0,0,2,0,0,2,1,1,0,0,0,0,0,0,0,0,0,0,0,0,0,0,0,0,0,0,0,0,0,0,0,0,0,0,0,0,0,0,0,0,0,0,0
volutpat,1,2,0,0,0,0,0,2,0,0,1,2,0,0,1,1,1,0,5,1,1,0,2,0,1,1,0,4,0,2,2,2,2,1,1,0,2,0,2,1,2,3,0,2,0,5,0,2,1,0,1,1,0,0,0,3,0,1,0,0,0,0,1,2,2,0,2,0,0,0,0,0,2,1,3,0,1,0,3,1,3,0,0,5,0,1,1,2,0,0,0,1,3,0,1,2,1,1,1,0,0,0,0,0,0,1,1,1,0,0,0,0,0,0,0,2,2,1,1,0,0,1,1,0,0,2,0,1,1,0,3,1,2,2,1,2,0,1,1,1,1,3,1,1,1,1,0,1,0,0,0,2,0,2,1,0,0,0,0,0,0,0,0,0,0,0,0,0,0,0,0,0,0,0,0,0,0,0,0,0,1,0,0,0,0,0
quisque,0,0,0,4,0,3,0,0,0,0,0,1,0,0,0,0,0,0,4,2,0,1,1,3,0,2,1,3,0,0,1,0,3,0,0,0,0,6,0,2,1,0,3,0,0,0,0,0,0,3,2,0,0,1,0,1,0,0,1,2,0,3,4,0,0,0,0,3,0,0,0,0,0,0,1,2,1,2,1,0,0,1,0,4,3,1,2,0,2,0,0,2,0,1,0,2,0,0,1,0,0,0,0,0,1,0,0,1,2,0,0,0,1,0,0,0,0,1,0,0,0,1,1,0,0,0,1,3,0,1,1,0,0,0,0,1,2,2,0,0,0,1,0,0,0,1,0,1,1,0,0,0,1,0,4,0,0,0,0,0,0,0,0,0,0,0,0,0,0,0,0,0,0,0,0,0,0,0,0,0,0,0,0,0,0,0
molestie,2,1,2,1,0,1,0,1,2,2,3,1,2,0,1,0,2,3,1,0,2,0,1,1,1,0,3,0,0,0,0,2,0,0,1,0,0,1,0,3,1,0,1,0,1,3,0,2,1,1,0,4,1,0,0,0,0,2,2,0,0,1,1,0,0,0,0,0,0,1,1,2,0,1,1,1,0,0,0,1,2,0,1,4,0,0,1,0,1,2,1,1,0,0,0,4,1,0,2,0,0,0,0,1,0,0,1,0,0,1,1,0,0,0,0,2,1,1,1,0,2,0,0,0,0,1,0,0,0,1,2,0,0,1,3,1,1,0,1,0,0,0,1,3,1,0,1,2,0,0,0,0,0,2,1,0,0,0,0,0,0,0,0,0,0,0,0,0,0,0,0,0,0,0,0,0,0,0,0,0,2,0,0,0,0,0
natoque,0,0,0,0,0,0,0,0,0,0,0,0,0,0,0,0,0,0,0,0,0,0,0,0,0,0,0,0,0,0,0,0,0,0,0,0,0,0,0,0,0,0,0,0,0,0,0,0,0,0,0,0,0,0,0,0,0,0,0,0,0,0,0,0,0,0,0,0,0,0,0,0,0,0,0,0,0,0,0,0,0,0,0,0,0,0,0,0,0,0,0,0,0,0,0,0,0,0,0,0,0,0,0,0,0,0,0,0,0,0,0,0,0,0,0,0,0,0,0,0,0,0,0,0,0,0,0,0,0,0,0,0,0,0,0,0,0,0,0,0,0,0,0,0,0,0,0,0,0,0,0,0,0,0,0,0,21,0,0,0,0,0,0,0,0,0,0,0,0,0,0,0,0,0,0,0,0,0,0,0,0,0,0,0,0,0
penatibus,0,0,0,0,0,0,0,0,0,0,0,0,0,0,0,0,0,0,0,0,0,0,0,0,0,0,0,0,0,0,0,0,0,0,0,0,0,0,0,0,0,0,21,0,0,0,0,0,0,0,0,0,0,0,0,0,0,0,0,0,0,0,0,0,0,0,0,0,0,0,0,0,0,0,0,0,0,0,0,0,0,0,0,0,0,0,0,0,0,0,0,0,0,0,0,0,0,0,0,0,0,0,0,0,0,0,0,0,0,0,0,0,0,0,0,0,0,0,0,0,0,0,0,0,0,0,0,0,0,0,0,0,0,0,0,0,0,0,0,0,0,0,0,0,0,0,0,0,0,0,0,0,0,0,0,0,0,0,0,0,0,0,0,0,0,0,0,0,0,0,0,0,0,0,0,0,0,0,0,0,0,0,0,0,0,0
magnis,0,0,0,0,0,0,0,0,0,0,0,0,0,0,0,0,0,0,0,0,0,0,0,0,0,0,0,0,0,0,0,0,0,0,0,0,0,0,0,0,0,0,0,0,0,0,0,0,0,0,0,0,0,0,0,0,0,0,0,0,0,0,0,0,0,0,0,0,0,0,0,0,0,0,0,0,0,0,0,0,0,0,0,0,0,0,0,0,0,0,0,0,0,0,0,0,0,0,0,0,0,0,0,0,0,0,0,0,0,0,0,0,0,0,0,0,0,0,0,0,0,0,0,0,0,0,0,0,0,0,0,0,0,0,0,0,0,0,0,0,0,0,0,0,0,0,0,0,0,0,0,0,0,0,0,0,0,0,21,0,0,0,0,0,0,0,0,0,0,0,0,0,0,0,0,0,0,0,0,0,0,0,0,0,0,0
dis,0,0,0,0,0,0,0,0,0,0,0,0,0,0,0,0,0,0,0,0,0,0,0,0,0,0,0,0,0,0,0,0,0,0,0,0,0,0,0,0,0,0,0,0,0,0,0,0,0,0,0,0,0,0,0,0,0,0,0,0,0,0,0,0,0,0,0,0,0,0,0,0,0,0,0,0,0,0,0,0,0,0,0,0,0,0,0,0,0,0,0,0,0,0,0,0,0,0,0,0,0,0,0,0,0,0,0,0,0,0,0,0,0,0,0,0,0,0,0,0,0,0,0,0,0,0,0,0,0,0,0,0,0,0,0,0,0,0,0,0,0,0,0,0,0,0,0,0,0,0,0,0,0,0,0,0,0,0,0,21,0,0,0,0,0,0,0,0,0,0,0,0,0,0,0,0,0,0,0,0,0,0,0,0,0,0
parturient,0,0,0,0,0,0,0,0,0,0,0,0,0,0,0,0,0,0,0,0,0,0,0,0,0,0,0,0,0,0,0,0,0,0,0,0,0,0,0,0,0,0,0,0,0,0,0,0,0,0,0,0,0,0,0,0,0,0,0,0,0,0,0,0,0,0,0,0,0,0,0,0,0,0,0,0,0,0,0,0,0,0,0,0,0,0,0,0,0,0,0,0,0,0,0,0,0,0,0,0,0,0,0,0,0,0,0,0,0,0,0,0,0,0,0,0,0,0,0,0,0,0,0,0,0,0,0,0,0,0,0,0,0,0,0,0,0,0,0,0,0,0,0,0,0,0,0,0,0,0,0,0,0,0,0,0,0,0,0,0,21,0,0,0,0,0,0,0,0,0,0,0,0,0,0,0,0,0,0,0,0,0,0,0,0,0
montes,0,0,0,0,0,0,0,0,0,0,0,0,0,0,0,0,0,0,0,0,0,0,0,0,0,0,0,0,0,0,0,0,0,0,0,0,0,0,0,0,0,0,0,0,0,0,0,0,0,0,0,0,0,0,0,0,0,0,0,0,0,0,0,0,0,0,0,0,0,0,0,0,0,0,0,0,0,0,0,0,0,0,0,0,0,0,0,0,0,0,0,0,0,0,0,0,0,0,0,0,0,0,0,0,0,0,0,0,0,0,0,0,0,0,0,0,0,0,0,0,0,0,0,0,0,0,0,0,0,0,0,0,0,0,0,0,0,0,0,0,0,0,0,0,0,0,0,0,0,0,0,0,0,0,0,0,0,0,0,0,0,21,0,0,0,0,0,0,0,0,0,0,0,0,0,0,0,0,0,0,0,0,0,0,0,0
nascetur,0,0,0,0,0,0,0,0,0,0,0,0,0,0,0,0,0,0,0,0,0,0,0,0,0,0,0,0,0,0,0,0,0,0,0,0,0,0,0,0,0,0,0,0,0,0,0,0,0,0,0,0,0,0,0,0,0,0,0,0,0,0,0,0,0,0,0,0,0,0,0,0,0,0,0,0,0,0,0,0,0,0,0,0,0,0,0,0,0,0,0,0,0,0,0,0,0,0,0,0,0,0,0,0,0,0,0,0,0,0,0,0,0,0,0,0,0,0,0,0,0,0,0,0,0,0,0,0,0,0,0,0,0,0,0,0,0,0,0,0,0,0,0,0,0,0,0,0,0,0,0,0,0,0,0,0,0,0,0,0,0,0,21,0,0,0,0,0,0,0,0,0,0,0,0,0,0,0,0,0,0,0,0,0,0,0
ridiculus,0,0,0,0,0,0,0,0,0,0,0,0,0,0,0,0,0,0,0,0,0,0,0,0,0,0,0,0,0,0,0,0,0,0,0,0,0,0,0,0,0,0,0,0,0,0,0,0,0,0,0,0,0,0,0,0,0,0,0,0,0,0,0,0,0,0,0,0,0,0,0,0,0,0,0,0,0,0,0,0,0,0,0,0,0,0,0,0,0,0,0,0,0,0,0,0,0,0,0,0,0,0,0,0,0,0,0,0,0,0,0,0,0,0,0,0,0,0,0,0,0,0,0,0,0,0,0,0,0,0,0,0,0,0,0,0,0,0,0,0,0,0,0,0,0,0,0,0,0,0,0,0,0,0,0,0,0,0,0,0,0,0,0,21,0,0,0,0,0,0,0,0,0,0,0,0,0,0,0,0,0,0,0,0,0,0
mus,0,0,0,0,0,0,0,0,1,0,0,1,0,0,0,0,2,0,0,0,0,0,0,0,0,0,0,0,0,1,0,0,0,0,0,0,0,0,0,0,0,0,0,0,1,0,0,0,0,0,0,0,0,0,0,0,0,0,0,0,0,0,0,0,0,0,0,0,0,0,0,0,2,0,1,0,0,0,1,0,0,0,0,1,0,0,0,1,0,0,0,0,0,0,1,0,0,0,0,0,0,0,0,0,0,0,2,0,0,0,0,0,0,0,0,0,0,0,0,0,0,0,0,0,0,0,0,0,0,0,0,0,1,0,0,0,0,0,0,0,0,0,0,0,0,0,0,0,0,0,0,2,0,0,0,0,0,0,0,0,0,0,0,0,0,0,0,0,0,0,0,0,0,0,0,0,0,0,0,0,3,0,0,0,0,0
class,0,0,0,0,0,0,0,0,0,0,0,0,0,0,0,0,0,0,0,0,0,0,0,0,0,0,0,0,0,0,0,0,0,0,0,0,0,0,0,0,0,0,0,0,0,0,0,0,0,0,0,0,0,0,0,0,0,0,0,0,0,0,0,0,0,0,0,0,0,0,0,0,0,0,0,0,0,0,0,0,0,0,0,0,0,0,0,0,0,0,0,0,0,0,0,0,0,0,0,0,0,0,0,0,0,0,0,0,0,0,0,0,0,0,0,0,0,0,0,0,0,0,0,0,0,0,0,0,0,0,0,0,0,0,0,0,0,0,0,0,0,0,0,0,0,0,0,0,0,0,0,0,0,0,0,0,0,0,0,0,0,0,0,0,0,17,0,0,0,0,0,0,0,0,0,0,0,0,0,0,0,0,0,0,0,0
aptent,0,0,0,0,0,0,0,0,0,0,0,0,0,0,0,0,0,0,0,0,0,0,0,0,0,0,0,0,0,0,0,0,0,0,0,0,0,0,0,0,0,0,0,0,0,0,0,0,0,0,0,0,0,0,0,0,0,0,0,0,0,0,0,0,0,0,0,0,0,0,0,0,0,0,0,0,0,0,0,0,0,0,0,0,0,0,0,0,0,0,0,0,0,0,0,0,0,0,0,0,0,0,0,0,0,0,0,0,0,0,0,0,0,0,0,0,0,0,0,0,0,0,0,0,0,0,0,0,0,0,0,0,0,0,0,0,0,0,0,0,0,0,0,0,0,0,0,0,0,0,0,0,0,0,0,0,0,0,0,0,0,0,0,0,0,0,17,0,0,0,0,0,0,0,0,0,0,0,0,0,0,0,0,0,0,0
taciti,0,0,0,0,0,0,0,0,0,0,0,0,0,0,0,0,0,0,0,0,0,0,0,0,0,0,0,0,0,0,0,0,0,0,0,0,0,0,0,0,0,0,0,0,0,0,0,0,0,0,0,0,0,0,0,0,0,0,0,0,0,0,0,0,0,0,0,0,0,0,0,0,0,0,0,0,0,0,0,0,0,0,0,0,0,0,0,0,0,0,0,0,0,0,0,0,0,0,0,0,0,0,0,0,0,0,0,0,0,0,0,0,0,0,0,0,0,0,0,0,0,0,0,0,0,0,0,0,0,0,0,0,0,0,0,0,0,0,0,0,0,0,0,0,0,0,0,0,0,0,0,0,0,0,0,0,0,0,0,0,0,0,0,0,0,0,0,17,0,0,0,0,0,0,0,0,0,0,0,0,0,0,0,0,0,0
sociosqu,0,0,0,0,0,0,0,0,0,0,0,0,0,0,0,0,0,0,0,0,0,0,0,0,0,0,0,0,0,0,0,0,0,0,0,0,0,0,0,0,0,0,0,0,0,0,0,0,0,0,0,0,0,0,0,0,0,0,0,0,0,0,0,0,0,0,0,0,0,0,0,0,0,0,0,0,0,0,0,0,0,0,0,0,0,0,0,0,0,0,0,0,0,0,0,0,0,0,0,0,0,0,0,0,0,0,0,0,0,0,0,0,0,0,0,0,0,0,0,0,0,0,0,0,0,0,0,0,0,0,0,0,0,0,0,0,0,0,0,0,0,0,0,0,0,0,0,0,0,0,0,0,0,0,0,0,0,0,0,0,0,0,0,0,0,0,0,0,17,0,0,0,0,0,0,0,0,0,0,0,0,0,0,0,0,0
ad,0,0,0,0,0,0,0,0,0,0,0,0,0,0,0,0,0,0,0,0,0,0,0,0,0,0,0,0,0,0,0,0,0,0,0,0,0,0,0,0,0,0,0,0,0,0,0,0,0,0,0,0,0,0,0,0,0,0,0,0,0,0,0,0,0,0,0,0,0,0,0,0,0,0,0,0,0,0,0,0,0,0,0,0,0,0,0,0,0,0,0,0,0,0,0,0,0,0,0,0,0,0,0,0,0,0,0,0,0,0,0,0,0,0,0,0,0,0,0,0,0,0,0,0,0,0,0,0,0,0,0,0,0,0,0,0,0,0,0,0,0,0,0,0,0,0,0,0,0,0,0,0,0,0,0,0,0,0,0,0,0,0,0,0,0,0,0,0,0,17,0,0,0,0,0,0,0,0,0,0,0,0,0,0,0,0
litora,0,0,0,0,0,0,0,0,0,0,0,0,0,0,0,0,0,0,0,0,0,0,0,0,0,0,0,0,0,0,0,0,0,0,0,0,0,0,0,0,0,0,0,0,0,0,0,0,0,0,0,0,0,0,0,0,0,0,0,0,0,0,0,0,0,0,0,0,0,0,0,0,0,0,0,0,0,0,0,0,0,0,0,0,0,0,0,0,0,0,0,0,0,0,0,0,0,0,0,0,0,0,0,0,0,0,0,0,0,0,0,0,0,0,0,0,0,0,0,0,0,0,0,0,0,0,0,0,0,0,0,0,0,0,0,0,0,0,0,0,0,0,0,0,0,0,0,0,0,0,0,0,0,0,0,0,0,0,0,0,0,0,0,0,0,0,0,0,0,0,17,0,0,0,0,0,0,0,0,0,0,0,0,0,0,0
torquent,0,0,0,0,0,0,0,0,0,0,0,0,0,0,0,0,0,0,0,0,0,0,0,0,0,0,0,0,0,0,0,0,0,0,0,0,0,0,0,0,0,0,0,0,0,0,0,0,0,0,0,0,0,0,0,0,0,0,0,0,0,0,0,0,0,0,0,0,0,0,0,0,0,0,0,0,0,0,0,0,0,0,0,0,0,0,0,0,0,0,0,0,0,0,0,0,0,0,0,0,0,0,0,0,0,0,0,0,0,0,0,0,0,0,0,0,0,0,0,0,0,0,0,0,0,0,0,0,0,0,0,0,0,0,0,0,0,0,0,0,0,0,0,0,0,0,0,0,0,0,0,0,0,0,0,0,0,0,0,0,0,0,0,0,0,0,0,0,0,0,0,17,0,0,0,0,0,0,0,0,0,0,0,0,0,0
per,0,0,0,0,0,0,0,0,0,0,0,0,0,0,0,0,0,0,0,0,0,0,0,0,0,0,0,0,0,0,0,0,0,0,0,0,0,0,0,0,0,0,0,0,0,0,0,0,0,0,0,0,0,0,0,0,0,0,0,0,0,0,0,0,0,0,0,0,0,0,0,0,0,0,0,0,0,0,0,0,0,0,0,0,0,0,0,0,0,0,0,0,0,0,0,0,0,0,0,0,0,0,0,0,0,0,0,0,0,0,0,0,0,0,0,0,0,0,0,0,0,0,0,0,0,0,0,0,0,0,0,0,0,0,0,0,0,0,0,0,0,0,0,0,0,0,0,0,0,0,0,0,0,0,0,0,0,0,0,0,0,0,0,0,0,0,0,0,0,0,0,0,17,0,17,0,0,0,0,0,0,0,0,0,0,0
conubia,0,0,0,0,0,0,0,0,0,0,0,0,0,0,0,0,0,0,0,0,0,0,0,0,0,0,0,0,0,0,0,0,0,0,0,0,0,0,0,0,0,0,0,0,0,0,0,0,0,0,0,0,0,0,0,0,0,0,0,0,0,0,0,0,0,0,0,0,0,0,0,0,0,0,0,0,0,0,0,0,0,0,0,0,0,0,0,0,0,0,0,0,0,0,0,0,0,0,0,0,0,0,0,0,0,0,0,0,0,0,0,0,0,0,0,0,0,0,0,0,0,0,0,0,0,0,0,0,0,0,0,0,0,0,0,0,0,0,0,0,0,0,0,0,0,0,0,0,0,0,0,0,0,0,0,0,0,0,0,0,0,0,0,0,0,0,0,0,0,0,0,0,0,17,0,0,0,0,0,0,0,0,0,0,0,0
nostra,0,0,0,0,0,0,0,0,0,0,0,0,0,0,0,0,0,0,0,0,0,0,0,0,0,0,0,0,0,0,0,0,0,0,0,0,0,0,0,0,0,0,0,0,0,0,0,0,0,0,0,0,0,0,0,0,0,0,0,0,0,0,0,0,0,0,0,0,0,0,0,0,0,0,0,0,0,0,0,0,0,0,0,0,0,0,0,0,0,0,0,0,0,0,0,0,0,0,0,0,0,0,0,0,0,0,0,0,0,0,0,0,0,0,0,0,0,0,0,0,0,0,0,0,0,0,0,0,0,0,0,0,0,0,0,0,0,0,0,0,0,0,0,0,0,0,0,0,0,0,0,0,0,0,0,0,0,0,0,0,0,0,0,0,0,0,0,0,0,0,0,17,0,0,0,0,0,0,0,0,0,0,0,0,0,0
inceptos,0,0,0,0,0,0,0,0,0,0,0,0,0,0,0,0,0,0,0,0,0,0,0,0,0,0,0,0,0,0,0,0,0,0,0,0,0,0,0,0,0,0,0,0,0,0,0,0,0,0,0,0,0,0,0,0,0,0,0,0,0,0,0,0,0,0,0,0,0,0,0,0,0,0,0,0,0,0,0,0,0,0,0,0,0,0,0,0,0,0,0,0,0,0,0,0,0,0,0,0,0,0,0,0,0,0,0,0,0,0,0,0,0,0,0,0,0,0,0,0,0,0,0,0,0,0,0,0,0,0,0,0,0,0,0,0,0,0,0,0,0,0,0,0,0,0,0,0,0,0,0,0,0,0,0,0,0,0,0,0,0,0,0,0,0,0,0,0,0,0,0,0,0,0,0,17,0,0,0,0,0,0,0,0,0,0
himenaeos,0,0,0,0,0,0,0,0,1,0,0,0,0,0,0,2,0,0,1,0,0,0,0,0,0,0,0,0,0,0,0,0,0,0,0,0,0,0,0,1,0,0,0,0,0,0,0,0,0,0,0,0,0,0,0,0,0,0,0,0,0,0,0,0,0,0,2,0,0,0,0,0,0,0,0,0,0,0,1,0,1,0,0,0,0,0,0,0,0,0,0,0,0,0,0,0,0,0,0,0,0,0,0,1,0,0,2,0,0,0,0,0,0,0,0,0,0,0,0,0,0,0,0,0,0,0,0,0,0,0,0,0,0,1,0,0,0,0,0,0,0,0,0,0,0,0,0,0,0,0,0,1,0,2,0,0,0,0,0,0,0,0,0,0,0,0,0,0,0,0,0,0,0,0,0,0,0,0,0,0,1,0,0,0,0,0
primis,0,0,0,0,0,0,0,0,0,0,0,0,0,0,0,0,0,0,42,0,0,0,0,0,0,0,0,0,0,0,0,0,0,0,0,0,0,0,0,0,0,0,0,0,0,0,0,0,0,0,0,0,0,0,0,0,0,0,0,0,0,0,0,0,0,0,0,0,0,0,0,0,0,0,0,0,0,0,0,0,0,0,0,0,0,0,0,0,0,0,0,0,0,0,0,0,0,0,0,0,0,0,0,0,0,0,0,0,0,0,0,0,0,0,0,0,0,0,0,0,0,0,0,0,0,0,0,0,0,0,0,0,0,0,0,0,0,0,0,0,0,0,0,0,0,0,0,0,0,0,0,0,0,0,0,0,0,0,0,0,0,0,0,0,0,0,0,0,0,0,0,0,0,0,0,0,0,0,0,0,0,0,0,0,0,0
cubilia,0,0,0,0,0,0,0,0,0,0,0,0,0,0,0,0,0,0,0,0,0,0,0,0,0,0,0,0,0,0,0,0,0,0,0,0,0,0,0,0,0,0,0,0,0,0,0,0,0,0,0,0,0,0,0,0,0,0,0,0,0,0,0,0,0,0,0,0,0,0,0,0,0,0,0,0,0,0,0,0,0,0,0,0,0,0,0,0,0,0,0,0,0,0,0,0,0,0,0,0,0,0,0,0,0,0,0,0,0,0,0,0,0,0,0,0,0,0,0,0,0,0,0,0,0,0,0,0,0,0,0,0,0,0,0,0,0,0,0,0,0,0,0,0,0,0,0,0,0,0,0,0,0,0,0,0,0,0,0,0,0,0,0,0,0,0,0,0,0,0,0,0,0,0,0,0,0,0,19,0,0,0,0,0,0,0
curae,0,0,0,0,0,0,0,0,0,0,0,0,0,0,0,1,0,0,1,0,0,0,0,0,0,0,0,0,0,0,0,0,0,0,0,0,0,0,0,2,0,0,0,0,0,1,0,0,0,0,0,0,0,0,0,0,0,0,0,0,0,0,0,1,0,0,1,0,0,0,0,0,0,0,1,0,0,0,1,0,1,0,0,1,0,0,0,2,0,0,0,0,0,0,0,0,0,0,0,0,0,0,0,1,0,0,2,0,0,0,0,0,0,0,0,0,0,0,0,0,0,0,0,0,0,0,0,0,0,0,0,0,0,1,0,0,0,0,1,0,0,0,0,0,0,0,0,0,0,0,0,1,0,0,0,0,0,0,0,0,0,0,0,0,0,0,0,0,0,0,0,0,0,0,0,0,0,0,0,0,0,0,0,0,0,0
potenti,0,0,0,0,0,0,0,0,0,0,0,0,0,0,0,1,2,0,1,0,0,0,0,0,0,0,0,0,0,0,0,0,0,0,0,0,0,0,0,2,0,0,0,0,0,1,0,0,0,0,0,0,0,0,0,0,0,0,0,0,0,0,0,2,0,0,0,0,0,0,0,0,0,0,0,0,0,0,1,0,0,0,0,0,0,0,1,1,0,0,0,0,0,0,0,0,0,0,0,0,0,0,0,0,0,0,0,0,0,0,0,0,0,0,0,0,0,0,0,0,0,0,0,0,0,0,0,0,0,0,0,0,0,0,0,0,0,0,0,0,0,0,0,0,1,0,0,0,0,0,0,2,0,1,0,0,0,0,0,0,0,0,0,0,0,0,0,0,0,0,0,0,0,0,0,0,0,0,0,0,0,0,0,0,0,0
curabitur,0,1,0,1,0,2,0,1,0,2,0,2,0,2,0,0,2,1,2,1,0,0,2,0,1,1,0,1,2,0,2,0,1,2,1,2,0,3,1,2,1,0,6,1,1,0,0,0,0,2,4,1,0,1,1,0,2,0,1,0,0,0,2,0,0,2,0,1,0,0,0,0,0,0,0,1,2,2,0,0,0,2,0,4,0,3,1,0,0,0,0,0,0,0,1,2,1,0,1,0,0,0,0,0,0,0,0,1,0,0,0,0,0,1,0,0,0,1,1,1,0,1,0,1,2,0,0,1,1,1,0,0,0,0,0,0,2,0,0,0,0,0,0,0,0,2,0,1,0,0,2,0,1,0,1,0,0,0,0,0,0,0,0,0,0,0,0,0,0,0,0,0,0,0,0,0,0,0,0,0,0,0,0,0,0,0
facilisi,0,0,0,0,0,0,0,0,1,0,0,1,0,0,0,1,1,0,0,0,0,0,0,0,0,0,0,0,0,0,0,0,0,0,0,0,1,0,0,0,0,0,0,0,0,1,0,0,0,0,0,0,0,0,0,0,0,0,0,0,0,0,0,1,0,0,0,0,0,0,0,0,0,0,1,0,0,0,1,0,2,0,0,0,0,0,1,0,0,0,0,0,0,0,0,0,0,0,0,0,0,0,0,3,0,0,0,0,0,0,0,0,0,0,0,0,0,0,0,0,0,0,0,0,0,0,0,0,0,0,0,0,1,0,0,0,0,0,1,0,0,0,0,0,1,0,0,0,0,0,0,0,0,1,0,0,0,0,0,0,0,0,0,0,0,0,0,0,0,0,0,0,0,0,0,0,0,0,0,0,1,0,0,0,0,0
fames,0,0,0,0,0,0,0,0,0,0,0,0,0,0,0,0,0,0,0,0,0,0,0,0,0,0,0,0,0,0,0,0,0,0,0,0,0,0,0,0,0,0,0,0,0,0,0,0,0,0,0,0,0,0,0,0,0,0,0,0,0,0,0,0,0,0,0,0,0,0,0,0,0,0,0,0,0,0,0,0,0,41,0,0,0,0,0,0,0,0,0,0,0,0,0,0,0,0,0,0,0,0,0,0,0,0,0,0,0,0,0,0,0,0,0,0,0,0,0,0,0,0,0,0,0,0,0,0,0,0,0,0,0,0,0,0,0,0,0,0,0,0,0,0,0,0,0,0,0,0,0,0,0,0,0,0,0,0,0,0,0,0,0,0,0,0,0,0,0,0,0,0,0,0,0,0,0,0,0,0,0,0,0,0,0,0
habitant,0,0,0,0,0,0,0,0,0,0,0,0,0,0,0,0,0,0,0,0,0,0,0,0,0,0,0,0,0,0,0,0,0,0,0,0,0,0,0,0,0,0,0,0,0,0,0,0,0,0,0,0,0,0,0,0,0,0,0,0,0,0,0,0,0,0,0,0,0,0,0,0,0,0,0,0,0,0,0,0,0,0,0,0,0,0,0,0,0,0,0,0,0,0,0,0,0,0,0,0,0,0,0,0,0,0,0,0,0,0,0,0,0,0,0,0,0,0,0,0,0,0,0,0,0,0,0,0,0,0,0,0,0,0,0,0,0,0,0,0,0,0,0,0,0,0,0,0,0,0,0,18,0,0,0,0,0,0,0,0,0,0,0,0,0,0,0,0,0,0,0,0,0,0,0,0,0,0,0,0,0,0,0,0,0,0
senectus,0,0,0,0,0,0,0,0,0,0,0,0,0,0,0,0,0,0,0,0,0,0,0,0,0,0,0,0,0,0,0,0,0,0,0,0,0,0,0,0,0,0,18,0,0,0,0,0,0,0,0,0,0,0,0,0,0,0,0,0,0,0,0,0,0,0,0,0,0,0,0,0,0,0,0,0,0,0,0,0,0,0,0,0,0,0,0,0,0,0,0,0,0,0,0,0,0,0,0,0,0,0,0,0,0,0,0,0,0,0,0,0,0,0,0,0,0,0,0,0,0,0,0,0,0,0,0,0,0,0,0,0,0,0,0,0,0,0,0,0,0,0,0,0,0,0,0,0,0,0,0,0,0,0,0,0,0,0,0,0,0,0,0,0,0,0,0,0,0,0,0,0,0,0,0,0,0,0,0,0,0,0,0,0,0,0
netus,0,0,0,0,0,0,0,0,0,0,0,0,0,0,0,0,0,0,0,0,0,0,0,0,0,0,0,0,0,0,0,0,0,0,0,0,0,0,0,0,0,0,18,0,0,0,0,0,0,0,0,0,0,0,0,0,0,0,0,0,0,0,0,0,0,0,0,0,0,0,0,0,0,0,0,0,0,0,0,0,0,0,0,0,0,0,0,0,0,0,0,0,0,0,0,0,0,0,0,0,0,0,0,0,0,0,0,0,0,0,0,0,0,0,0,0,0,0,0,0,0,0,0,0,0,0,0,0,0,0,0,0,0,0,0,0,0,0,0,0,0,0,0,0,0,0,0,0,0,0,0,0,0,0,0,0,0,0,0,0,0,0,0,0,0,0,0,0,0,0,0,0,0,0,0,0,0,0,0,0,0,0,0,0,0,0
